
default.elf:	file format elf32-pic

Sections:
Idx Name                       Size     VMA      Type
  0                            00000000 00000000 
  1 text1                      0000000c 00000fb5 TEXT
  2 text2                      0000009e 000007a0 TEXT
  3 text3                      00000008 000007fc TEXT
  4 text6                      00000016 00000fdd TEXT
  5 text7                      0000000c 00000faf TEXT
  6 text9                      00000018 00000ff4 TEXT
  7 text10                     00000018 00000fe8 TEXT
  8 text11                     00000014 00000fd3 TEXT
  9 text18                     000000d8 0000071f TEXT
 10 text23                     00000012 00000fca TEXT
 11 text27                     00000012 00000fc1 TEXT
 12 text31                     00000002 00000003 TEXT
 13 text34                     00000008 00000fab TEXT
 14 cstackCOMMON               0000000c 00000070 BSS
 15 stringtext1                00000046 000006fc DATA
 16 stringtext2                0000002a 0000078b DATA
 17 stringtext3                0000001a 000007ef DATA
 18 stringtext4                00000068 00001000 DATA
 19 intentry                   00000076 00000004 TEXT
 20 end_init                   00000004 0000003f DATA
 21 cinit                      00000d76 00000041 TEXT
 22 reset_vec                  00000004 00000000 DATA
 23 text35                     00000002 00000002 TEXT
 24 bssBANK0                   0000004e 00000020 BSS
 25 bssBANK1                   00000047 000000a0 BSS
 26 bssBANK2                   00000040 00000120 BSS
 27 bssBANK3                   00000040 000001a0 BSS
 28 bssBANK4                   00000020 00000220 BSS
 29 idataBANK0                 00000006 00000fa8 DATA
 30 clrtext                    0000000c 00000fbb TEXT
 31 dabs$0                     00000002 0000007e BSS
 32 _stray_data_0_             00000008 00008007 DATA
 33 .strtab                    000012ac 00000000 
 34 .symtab                    000013e0 00000000 
 35 .debug_abbrev              0000018a 00000000 DEBUG
 36 .debug_info                000025d7 00000000 DEBUG
 37 .debug_line                00000c41 00000000 DEBUG
 38 .debug_ranges              00000078 00000000 DEBUG
 39 .debug_pubnames            00000771 00000000 DEBUG
 40 .debug_aranges             00000318 00000000 DEBUG
 41 .note.microchip.deviceinfo 00000024 00000000 
 42 .shstrtab                  0000019a 00000000 

Disassembly of section text1:

00000fb5 <__ptext1>:
; __ptext1():
; C:\Users\tsq\MPLABProjects\Analog_PBX\IP_UNIT\config.mcc\mcc_generated_files\timer\src/tmr2.c:126
;    TMR2_PeriodMatchCallback = CallbackHandler;
     fb5: 73 08        	movf	0x73, w
     fb6: 20 00        	movlb	0x0
     fb7: ed 00        	movwf	0x6d
     fb8: 72 08        	movf	0x72, w
     fb9: ec 00        	movwf	0x6c
; C:\Users\tsq\MPLABProjects\Analog_PBX\IP_UNIT\config.mcc\mcc_generated_files\timer\src/tmr2.c:127
; }
     fba: 08 00        	return

Disassembly of section text2:

000007a0 <__ptext2>:
; __ptext2():
; C:\Users\tsq\MPLABProjects\Analog_PBX\IP_UNIT\config.mcc\mcc_generated_files\system\src/system.c:41
;     CLOCK_Initialize();
     7a0: 8f 31        	movlp	0xf
     7a1: d3 27        	call	0x7d3
     7a2: 87 31        	movlp	0x7
; C:\Users\tsq\MPLABProjects\Analog_PBX\IP_UNIT\config.mcc\mcc_generated_files\system\src/system.c:42
;     PIN_MANAGER_Initialize();
     7a3: 86 31        	movlp	0x6
     7a4: ac 26        	call	0x6ac
     7a5: 87 31        	movlp	0x7
; C:\Users\tsq\MPLABProjects\Analog_PBX\IP_UNIT\config.mcc\mcc_generated_files\system\src/system.c:43
;     TMR2_Initialize();
     7a6: 87 31        	movlp	0x7
     7a7: c3 27        	call	0x7c3
     7a8: 87 31        	movlp	0x7
; C:\Users\tsq\MPLABProjects\Analog_PBX\IP_UNIT\config.mcc\mcc_generated_files\system\src/system.c:44
;     EUSART_Initialize();
     7a9: 86 31        	movlp	0x6
     7aa: 4c 26        	call	0x64c
     7ab: 87 31        	movlp	0x7
; C:\Users\tsq\MPLABProjects\Analog_PBX\IP_UNIT\config.mcc\mcc_generated_files\system\src/system.c:45
;     WDT_Initialize();
     7ac: 87 31        	movlp	0x7
     7ad: fc 27        	call	0x7fc
     7ae: 87 31        	movlp	0x7
; C:\Users\tsq\MPLABProjects\Analog_PBX\IP_UNIT\config.mcc\mcc_generated_files\system\src/system.c:46
;     INTERRUPT_Initialize();
     7af: 8f 31        	movlp	0xf
     7b0: dd 27        	call	0x7dd
     7b1: 87 31        	movlp	0x7
; C:\Users\tsq\MPLABProjects\Analog_PBX\IP_UNIT\config.mcc\mcc_generated_files\system\src/system.c:47
; }
     7b2: 08 00        	return

000007b3 <_printf>:
; _printf():
; c:\PROGRA~1\MICROC~1\xc8\v3.10\pic\sources\c99\common/printf.c:9
; 	va_start(ap, fmt);
     7b3: 5e 30        	movlw	0x5e
     7b4: 20 00        	movlb	0x0
     7b5: e0 00        	movwf	0x60
; c:\PROGRA~1\MICROC~1\xc8\v3.10\pic\sources\c99\common/printf.c:10
; 	ret = vfprintf(stdout, fmt, ap);
     7b6: 00 30        	movlw	0x0
     7b7: d5 00        	movwf	0x55
     7b8: d6 00        	movwf	0x56
     7b9: 5d 08        	movf	0x5d, w
     7ba: d8 00        	movwf	0x58
     7bb: 5c 08        	movf	0x5c, w
     7bc: d7 00        	movwf	0x57
     7bd: 60 30        	movlw	0x60
     7be: d9 00        	movwf	0x59
     7bf: 87 31        	movlp	0x7
     7c0: 1f 27        	call	0x71f
     7c1: 87 31        	movlp	0x7
; c:\PROGRA~1\MICROC~1\xc8\v3.10\pic\sources\c99\common/printf.c:13
; }
     7c2: 08 00        	return

000007c3 <__ptext4>:
; __ptext4():
; C:\Users\tsq\MPLABProjects\Analog_PBX\IP_UNIT\config.mcc\mcc_generated_files\timer\src/tmr2.c:48
;     PR2 = 0x7C;            // Period 0.001; Frequency 125000Hz; Count 124
     7c3: 7c 30        	movlw	0x7c
     7c4: 20 00        	movlb	0x0
     7c5: 9e 00        	movwf	0x1e
; C:\Users\tsq\MPLABProjects\Analog_PBX\IP_UNIT\config.mcc\mcc_generated_files\timer\src/tmr2.c:49
;     TMR2 = 0x0;
     7c6: 9d 01        	clrf	0x1d
; C:\Users\tsq\MPLABProjects\Analog_PBX\IP_UNIT\config.mcc\mcc_generated_files\timer\src/tmr2.c:50
;     TMR2_PeriodMatchCallback = TMR2_DefaultPeriodMatchCallback;
     7c7: 03 30        	movlw	0x3
     7c8: ec 00        	movwf	0x6c
     7c9: 00 30        	movlw	0x0
     7ca: ed 00        	movwf	0x6d
; C:\Users\tsq\MPLABProjects\Analog_PBX\IP_UNIT\config.mcc\mcc_generated_files\timer\src/tmr2.c:52
;     PIR1bits.TMR2IF = 0;   
     7cb: 91 10        	bcf	0x11, 0x1
; C:\Users\tsq\MPLABProjects\Analog_PBX\IP_UNIT\config.mcc\mcc_generated_files\timer\src/tmr2.c:53
;     PIE1bits.TMR2IE = 1;
     7cc: 21 00        	movlb	0x1
     7cd: 91 14        	bsf	0x11, 0x1
; C:\Users\tsq\MPLABProjects\Analog_PBX\IP_UNIT\config.mcc\mcc_generated_files\timer\src/tmr2.c:54
;     T2CON = (3 << _T2CON_T2CKPS_POSN)   // T2CKPS 1:64
     7ce: 07 30        	movlw	0x7
     7cf: 20 00        	movlb	0x0
     7d0: 9f 00        	movwf	0x1f
; C:\Users\tsq\MPLABProjects\Analog_PBX\IP_UNIT\config.mcc\mcc_generated_files\timer\src/tmr2.c:57
; }
     7d1: 08 00        	return

000007d2 <__ptext29>:
; __end_of_TMR2_Initialize():
; C:\Users\tsq\MPLABProjects\Analog_PBX\IP_UNIT\config.mcc\mcc_generated_files\timer\src/tmr2.c:117
;     if(NULL != TMR2_PeriodMatchCallback)
     7d2: 20 00        	movlb	0x0
     7d3: 6c 08        	movf	0x6c, w
     7d4: 6d 04        	iorwf	0x6d, w
     7d5: 03 19        	btfsc	0x3, 0x2
     7d6: d8 2f        	goto	0x7d8
     7d7: d9 2f        	goto	0x7d9
     7d8: de 2f        	goto	0x7de
; C:\Users\tsq\MPLABProjects\Analog_PBX\IP_UNIT\config.mcc\mcc_generated_files\timer\src/tmr2.c:119
;         TMR2_PeriodMatchCallback();
     7d9: 6d 08        	movf	0x6d, w
     7da: 8a 00        	movwf	0xa
     7db: 6c 08        	movf	0x6c, w
     7dc: 0a 00        	callw
     7dd: 87 31        	movlp	0x7
; C:\Users\tsq\MPLABProjects\Analog_PBX\IP_UNIT\config.mcc\mcc_generated_files\timer\src/tmr2.c:121
;     PIR1bits.TMR2IF = 0;
     7de: 20 00        	movlb	0x0
     7df: 91 10        	bcf	0x11, 0x1
; C:\Users\tsq\MPLABProjects\Analog_PBX\IP_UNIT\config.mcc\mcc_generated_files\timer\src/tmr2.c:122
; }
     7e0: 08 00        	return

000007e1 <_putch>:
; _putch():
; C:\Users\tsq\MPLABProjects\Analog_PBX\IP_UNIT\config.mcc\mcc_generated_files\uart\src/eusart.c:378
; void putch(char txData)
     7e1: f4 00        	movwf	0x74
; C:\Users\tsq\MPLABProjects\Analog_PBX\IP_UNIT\config.mcc\mcc_generated_files\uart\src/eusart.c:380
;     while(!(EUSART_IsTxReady()))
     7e2: 8f 31        	movlp	0xf
     7e3: ca 27        	call	0x7ca
     7e4: 87 31        	movlp	0x7
     7e5: 00 3a        	xorlw	0x0
     7e6: 03 19        	btfsc	0x3, 0x2
     7e7: e9 2f        	goto	0x7e9
     7e8: ea 2f        	goto	0x7ea
     7e9: e2 2f        	goto	0x7e2
; C:\Users\tsq\MPLABProjects\Analog_PBX\IP_UNIT\config.mcc\mcc_generated_files\uart\src/eusart.c:384
;     return EUSART_Write(txData);   
     7ea: 74 08        	movf	0x74, w
     7eb: 86 31        	movlp	0x6
     7ec: d8 26        	call	0x6d8
     7ed: 87 31        	movlp	0x7
; C:\Users\tsq\MPLABProjects\Analog_PBX\IP_UNIT\config.mcc\mcc_generated_files\uart\src/eusart.c:385
; }
     7ee: 08 00        	return

Disassembly of section text3:

000007fc <__ptext3>:
; _WDT_Initialize():
; C:\Users\tsq\MPLABProjects\Analog_PBX\IP_UNIT\config.mcc\mcc_generated_files\system\src/watchdog.c:39
;     WDTCON = 0x1D;
     7fc: 1d 30        	movlw	0x1d
     7fd: 21 00        	movlb	0x1
     7fe: 97 00        	movwf	0x17
; C:\Users\tsq\MPLABProjects\Analog_PBX\IP_UNIT\config.mcc\mcc_generated_files\system\src/watchdog.c:40
; }
     7ff: 08 00        	return

Disassembly of section text6:

00000fdd <__ptext6>:
; __ptext6():
; C:\Users\tsq\MPLABProjects\Analog_PBX\IP_UNIT\config.mcc\mcc_generated_files\system\src/interrupt.c:44
;     EXT_INT_InterruptFlagClear();   
     fdd: 20 00        	movlb	0x0
     fde: 10 10        	bcf	0x10, 0x0
; C:\Users\tsq\MPLABProjects\Analog_PBX\IP_UNIT\config.mcc\mcc_generated_files\system\src/interrupt.c:45
;     EXT_INT_risingEdgeSet();
     fdf: 0b 14        	bsf	0xb, 0x0
; C:\Users\tsq\MPLABProjects\Analog_PBX\IP_UNIT\config.mcc\mcc_generated_files\system\src/interrupt.c:47
;     INT_SetInterruptHandler(INT_DefaultInterruptHandler);
     fe0: 00 30        	movlw	0x0
     fe1: f2 00        	movwf	0x72
     fe2: 00 30        	movlw	0x0
     fe3: f3 00        	movwf	0x73
     fe4: 8f 31        	movlp	0xf
     fe5: af 27        	call	0x7af
     fe6: 8f 31        	movlp	0xf
; C:\Users\tsq\MPLABProjects\Analog_PBX\IP_UNIT\config.mcc\mcc_generated_files\system\src/interrupt.c:50
; }
     fe7: 08 00        	return

Disassembly of section text7:

00000faf <__ptext7>:
; __ptext7():
; C:\Users\tsq\MPLABProjects\Analog_PBX\IP_UNIT\config.mcc\mcc_generated_files\system\src/interrupt.c:106
;     INT_InterruptHandler = InterruptHandler;
     faf: 73 08        	movf	0x73, w
     fb0: 20 00        	movlb	0x0
     fb1: af 00        	movwf	0x2f
     fb2: 72 08        	movf	0x72, w
     fb3: ae 00        	movwf	0x2e
; C:\Users\tsq\MPLABProjects\Analog_PBX\IP_UNIT\config.mcc\mcc_generated_files\system\src/interrupt.c:107
; }
     fb4: 08 00        	return

Disassembly of section text9:

00000ff4 <__ptext9>:
; __ptext9():
; C:\Users\tsq\MPLABProjects\Analog_PBX\IP_UNIT\config.mcc\mcc_generated_files\uart\src/eusart.c:409
;     if(NULL != callbackHandler)
     ff4: 72 08        	movf	0x72, w
     ff5: 73 04        	iorwf	0x73, w
     ff6: 03 19        	btfsc	0x3, 0x2
     ff7: f9 2f        	goto	0x7f9
     ff8: fa 2f        	goto	0x7fa
     ff9: ff 2f        	goto	0x7ff
; C:\Users\tsq\MPLABProjects\Analog_PBX\IP_UNIT\config.mcc\mcc_generated_files\uart\src/eusart.c:411
;         EUSART_OverrunErrorHandler = callbackHandler;
     ffa: 73 08        	movf	0x73, w
     ffb: 20 00        	movlb	0x0
     ffc: a5 00        	movwf	0x25
     ffd: 72 08        	movf	0x72, w
     ffe: a4 00        	movwf	0x24
; C:\Users\tsq\MPLABProjects\Analog_PBX\IP_UNIT\config.mcc\mcc_generated_files\uart\src/eusart.c:413
; }
     fff: 08 00        	return

Disassembly of section text10:

00000fe8 <__ptext10>:
; _EUSART_FramingErrorCallbackRegister():
; C:\Users\tsq\MPLABProjects\Analog_PBX\IP_UNIT\config.mcc\mcc_generated_files\uart\src/eusart.c:401
;     if(NULL != callbackHandler)
     fe8: 72 08        	movf	0x72, w
     fe9: 73 04        	iorwf	0x73, w
     fea: 03 19        	btfsc	0x3, 0x2
     feb: ed 2f        	goto	0x7ed
     fec: ee 2f        	goto	0x7ee
     fed: f3 2f        	goto	0x7f3
; C:\Users\tsq\MPLABProjects\Analog_PBX\IP_UNIT\config.mcc\mcc_generated_files\uart\src/eusart.c:403
;         EUSART_FramingErrorHandler = callbackHandler;
     fee: 73 08        	movf	0x73, w
     fef: 20 00        	movlb	0x0
     ff0: a7 00        	movwf	0x27
     ff1: 72 08        	movf	0x72, w
     ff2: a6 00        	movwf	0x26
; C:\Users\tsq\MPLABProjects\Analog_PBX\IP_UNIT\config.mcc\mcc_generated_files\uart\src/eusart.c:405
; }
     ff3: 08 00        	return

Disassembly of section text11:

00000fd3 <__ptext11>:
; __end_of_EUSART_IsTxReady():
; C:\Users\tsq\MPLABProjects\Analog_PBX\IP_UNIT\config.mcc\mcc_generated_files\system\src/clock.c:42
;     OSCCON1 = (0 << _OSCCON1_NDIV_POSN)   // NDIV 1
     fd3: 60 30        	movlw	0x60
     fd4: 32 00        	movlb	0x12
     fd5: 99 00        	movwf	0x19
; C:\Users\tsq\MPLABProjects\Analog_PBX\IP_UNIT\config.mcc\mcc_generated_files\system\src/clock.c:44
;     OSCCON3 = (0 << _OSCCON3_SOSCPWR_POSN)   // SOSCPWR Low power
     fd6: 9b 01        	clrf	0x1b
; C:\Users\tsq\MPLABProjects\Analog_PBX\IP_UNIT\config.mcc\mcc_generated_files\system\src/clock.c:46
;     OSCEN = (0 << _OSCEN_EXTOEN_POSN)   // EXTOEN disabled
     fd7: 9d 01        	clrf	0x1d
; C:\Users\tsq\MPLABProjects\Analog_PBX\IP_UNIT\config.mcc\mcc_generated_files\system\src/clock.c:51
;     OSCFRQ = (7 << _OSCFRQ_HFFRQ_POSN);  // HFFRQ 32_MHz
     fd8: 07 30        	movlw	0x7
     fd9: 9f 00        	movwf	0x1f
; C:\Users\tsq\MPLABProjects\Analog_PBX\IP_UNIT\config.mcc\mcc_generated_files\system\src/clock.c:52
;     OSCSTAT1 = 
     fda: 9e 01        	clrf	0x1e
     fdb: 9c 01        	clrf	0x1c
; C:\Users\tsq\MPLABProjects\Analog_PBX\IP_UNIT\config.mcc\mcc_generated_files\system\src/clock.c:55
; }
     fdc: 08 00        	return

Disassembly of section text18:

0000071f <_vfprintf>:
; _vfprintf():
; c:\PROGRA~1\MICROC~1\xc8\v3.10\pic\sources\c99\common/doprnt.c:1822
;     cfmt = (char *)fmt;
     71f: 20 00        	movlb	0x0
     720: 58 08        	movf	0x58, w
     721: db 00        	movwf	0x5b
     722: 57 08        	movf	0x57, w
     723: da 00        	movwf	0x5a
; c:\PROGRA~1\MICROC~1\xc8\v3.10\pic\sources\c99\common/doprnt.c:1826
;     while (*cfmt) {
     724: 31 2f        	goto	0x731
; c:\PROGRA~1\MICROC~1\xc8\v3.10\pic\sources\c99\common/doprnt.c:1830
; 			vfpfcnvrt(fp, &cfmt, ap);
     725: 56 08        	movf	0x56, w
     726: cb 00        	movwf	0x4b
     727: 55 08        	movf	0x55, w
     728: ca 00        	movwf	0x4a
     729: 5a 30        	movlw	0x5a
     72a: cc 00        	movwf	0x4c
     72b: 59 08        	movf	0x59, w
     72c: cd 00        	movwf	0x4d
     72d: ce 01        	clrf	0x4e
     72e: 83 31        	movlp	0x3
     72f: 17 23        	call	0x317
     730: 87 31        	movlp	0x7
; c:\PROGRA~1\MICROC~1\xc8\v3.10\pic\sources\c99\common/doprnt.c:1826
;     while (*cfmt) {
     731: 20 00        	movlb	0x0
     732: 5a 08        	movf	0x5a, w
     733: 84 00        	movwf	0x4
     734: 5b 08        	movf	0x5b, w
     735: 85 00        	movwf	0x5
     736: 12 00        	moviw	FSR0++
     737: 03 1d        	btfss	0x3, 0x2
     738: 3a 2f        	goto	0x73a
     739: 3b 2f        	goto	0x73b
     73a: 25 2f        	goto	0x725
; c:\PROGRA~1\MICROC~1\xc8\v3.10\pic\sources\c99\common/doprnt.c:1835
; 	return 0;
     73b: d5 01        	clrf	0x55
     73c: d6 01        	clrf	0x56
; c:\PROGRA~1\MICROC~1\xc8\v3.10\pic\sources\c99\common/doprnt.c:1840
; }
     73d: 08 00        	return

0000073e <__ptext26>:
; __end_of_vfprintf():
; C:\Users\tsq\MPLABProjects\Analog_PBX\IP_UNIT\config.mcc\mcc_generated_files\uart\src/eusart.c:262
;     readValue = eusartRxBuffer[eusartRxTail];
     73e: 7a 08        	movf	0x7a, w
     73f: a0 3e        	addlw	0x20, f
     740: 86 00        	movwf	0x6
     741: 01 30        	movlw	0x1
     742: 87 00        	movwf	0x7
     743: 01 08        	movf	0x1, w
     744: f3 00        	movwf	0x73
; C:\Users\tsq\MPLABProjects\Analog_PBX\IP_UNIT\config.mcc\mcc_generated_files\uart\src/eusart.c:264
;     tempRxTail = (eusartRxTail + 1U) & EUSART_RX_BUFFER_MASK; // Buffer size of RX should be in the 2^n
     745: 7a 08        	movf	0x7a, w
     746: 01 3e        	addlw	0x1, w
     747: 1f 39        	andlw	0x1f
     748: f2 00        	movwf	0x72
; C:\Users\tsq\MPLABProjects\Analog_PBX\IP_UNIT\config.mcc\mcc_generated_files\uart\src/eusart.c:266
;     eusartRxTail = tempRxTail;
     749: 72 08        	movf	0x72, w
     74a: fa 00        	movwf	0x7a
; C:\Users\tsq\MPLABProjects\Analog_PBX\IP_UNIT\config.mcc\mcc_generated_files\uart\src/eusart.c:268
;     PIE1bits.RCIE = 0; 
     74b: 21 00        	movlb	0x1
     74c: 91 12        	bcf	0x11, 0x5
; C:\Users\tsq\MPLABProjects\Analog_PBX\IP_UNIT\config.mcc\mcc_generated_files\uart\src/eusart.c:269
;     if(0U != eusartRxCount)
     74d: 20 00        	movlb	0x0
     74e: 39 08        	movf	0x39, w
     74f: 03 19        	btfsc	0x3, 0x2
     750: 52 2f        	goto	0x752
     751: 53 2f        	goto	0x753
     752: 55 2f        	goto	0x755
; C:\Users\tsq\MPLABProjects\Analog_PBX\IP_UNIT\config.mcc\mcc_generated_files\uart\src/eusart.c:271
;         eusartRxCount--;
     753: 01 30        	movlw	0x1
     754: b9 02        	subwf	0x39, f
; C:\Users\tsq\MPLABProjects\Analog_PBX\IP_UNIT\config.mcc\mcc_generated_files\uart\src/eusart.c:273
;     PIE1bits.RCIE = 1;
     755: 21 00        	movlb	0x1
     756: 91 16        	bsf	0x11, 0x5
; C:\Users\tsq\MPLABProjects\Analog_PBX\IP_UNIT\config.mcc\mcc_generated_files\uart\src/eusart.c:274
;     return readValue;
     757: 73 08        	movf	0x73, w
; C:\Users\tsq\MPLABProjects\Analog_PBX\IP_UNIT\config.mcc\mcc_generated_files\uart\src/eusart.c:275
; }
     758: 08 00        	return

00000759 <__ptext32>:
; __ptext32():
; C:\Users\tsq\MPLABProjects\Analog_PBX\IP_UNIT\config.mcc\mcc_generated_files\uart\src/eusart.c:350
;     if(sizeof(eusartTxBuffer) > eusartTxBufferRemaining) // check if all data is transmitted
     759: 20 30        	movlw	0x20
     75a: 20 00        	movlb	0x0
     75b: 3a 02        	subwf	0x3a, w
     75c: 03 18        	btfsc	0x3, 0x0
     75d: 5f 2f        	goto	0x75f
     75e: 60 2f        	goto	0x760
     75f: 71 2f        	goto	0x771
; C:\Users\tsq\MPLABProjects\Analog_PBX\IP_UNIT\config.mcc\mcc_generated_files\uart\src/eusart.c:352
;        TX1REG = eusartTxBuffer[eusartTxTail];
     760: 3b 08        	movf	0x3b, w
     761: a0 3e        	addlw	0x20, f
     762: 86 00        	movwf	0x6
     763: 87 01        	clrf	0x7
     764: 01 08        	movf	0x1, w
     765: 23 00        	movlb	0x3
     766: 9a 00        	movwf	0x1a
; C:\Users\tsq\MPLABProjects\Analog_PBX\IP_UNIT\config.mcc\mcc_generated_files\uart\src/eusart.c:353
;        tempTxTail = (eusartTxTail + 1U) & EUSART_TX_BUFFER_MASK;
     767: 20 00        	movlb	0x0
     768: 3b 08        	movf	0x3b, w
     769: 01 3e        	addlw	0x1, w
     76a: 1f 39        	andlw	0x1f
     76b: f0 00        	movwf	0x70
; C:\Users\tsq\MPLABProjects\Analog_PBX\IP_UNIT\config.mcc\mcc_generated_files\uart\src/eusart.c:355
;        eusartTxTail = tempTxTail;
     76c: 70 08        	movf	0x70, w
     76d: bb 00        	movwf	0x3b
; C:\Users\tsq\MPLABProjects\Analog_PBX\IP_UNIT\config.mcc\mcc_generated_files\uart\src/eusart.c:356
;        eusartTxBufferRemaining++; // one byte sent, so 1 more byte place is available in TX buffer
     76e: 01 30        	movlw	0x1
     76f: ba 07        	addwf	0x3a, f
; C:\Users\tsq\MPLABProjects\Analog_PBX\IP_UNIT\config.mcc\mcc_generated_files\uart\src/eusart.c:357
;     }
     770: 73 2f        	goto	0x773
; C:\Users\tsq\MPLABProjects\Analog_PBX\IP_UNIT\config.mcc\mcc_generated_files\uart\src/eusart.c:360
;         PIE1bits.TXIE = 0;
     771: 21 00        	movlb	0x1
     772: 11 12        	bcf	0x11, 0x4
; C:\Users\tsq\MPLABProjects\Analog_PBX\IP_UNIT\config.mcc\mcc_generated_files\uart\src/eusart.c:367
; }
     773: 08 00        	return

00000774 <_memset>:
; __ptext24():
; c:\PROGRA~1\MICROC~1\xc8\v3.10\pic\sources\c99\common/memset.c:5
; 	unsigned char * p = dest;
     774: 72 08        	movf	0x72, w
     775: f7 00        	movwf	0x77
; c:\PROGRA~1\MICROC~1\xc8\v3.10\pic\sources\c99\common/memset.c:6
; 	while (n--) {
     776: 7e 2f        	goto	0x77e
; c:\PROGRA~1\MICROC~1\xc8\v3.10\pic\sources\c99\common/memset.c:7
; 		*p++ = (unsigned char)c;
     777: 77 08        	movf	0x77, w
     778: 86 00        	movwf	0x6
     779: 87 01        	clrf	0x7
     77a: 73 08        	movf	0x73, w
     77b: 81 00        	movwf	0x1
     77c: 01 30        	movlw	0x1
     77d: f7 07        	addwf	0x77, f
; c:\PROGRA~1\MICROC~1\xc8\v3.10\pic\sources\c99\common/memset.c:6
; 	while (n--) {
     77e: 01 30        	movlw	0x1
     77f: f5 02        	subwf	0x75, f
     780: 00 30        	movlw	0x0
     781: f6 3b        	<unknown>
     782: 75 0a        	incf	0x75, w
     783: 03 1d        	btfss	0x3, 0x2
     784: 89 2f        	goto	0x789
     785: 76 0a        	incf	0x76, w
     786: 03 1d        	btfss	0x3, 0x2
     787: 89 2f        	goto	0x789
     788: 8a 2f        	goto	0x78a
     789: 77 2f        	goto	0x777
; c:\PROGRA~1\MICROC~1\xc8\v3.10\pic\sources\c99\common/memset.c:10
; }
     78a: 08 00        	return

Disassembly of section text23:

00000fca <__ptext23>:
; __ptext23():
; C:\Users\tsq\MPLABProjects\Analog_PBX\IP_UNIT\config.mcc\mcc_generated_files\uart\src/eusart.c:243
;     return (eusartTxBufferRemaining ? true : false);
     fca: 20 00        	movlb	0x0
     fcb: 3a 08        	movf	0x3a, w
     fcc: 03 1d        	btfss	0x3, 0x2
     fcd: cf 2f        	goto	0x7cf
     fce: d1 2f        	goto	0x7d1
     fcf: 01 30        	movlw	0x1
     fd0: d2 2f        	goto	0x7d2
     fd1: 00 30        	movlw	0x0
; C:\Users\tsq\MPLABProjects\Analog_PBX\IP_UNIT\config.mcc\mcc_generated_files\uart\src/eusart.c:244
; }
     fd2: 08 00        	return

Disassembly of section text27:

00000fc1 <__ptext27>:
; _EUSART_IsRxReady():
; C:\Users\tsq\MPLABProjects\Analog_PBX\IP_UNIT\config.mcc\mcc_generated_files\uart\src/eusart.c:238
;     return (eusartRxCount ? true : false);
     fc1: 20 00        	movlb	0x0
     fc2: 39 08        	movf	0x39, w
     fc3: 03 1d        	btfss	0x3, 0x2
     fc4: c6 2f        	goto	0x7c6
     fc5: c8 2f        	goto	0x7c8
     fc6: 01 30        	movlw	0x1
     fc7: c9 2f        	goto	0x7c9
     fc8: 00 30        	movlw	0x0
; C:\Users\tsq\MPLABProjects\Analog_PBX\IP_UNIT\config.mcc\mcc_generated_files\uart\src/eusart.c:239
; }
     fc9: 08 00        	return

Disassembly of section text31:

00000003 <__ptext31>:
; __end_of_EUSART_DefaultFramingErrorCallback():
; C:\Users\tsq\MPLABProjects\Analog_PBX\IP_UNIT\config.mcc\mcc_generated_files\timer\src/tmr2.c:132
; }
       3: 08 00        	return

Disassembly of section text34:

00000fab <__ptext34>:
; __ptext34():
; C:\Users\tsq\MPLABProjects\Analog_PBX\IP_UNIT\config.mcc\mcc_generated_files\uart\src/eusart.c:395
;     RC1STAbits.CREN = 0;
     fab: 23 00        	movlb	0x3
     fac: 1d 12        	bcf	0x1d, 0x4
; C:\Users\tsq\MPLABProjects\Analog_PBX\IP_UNIT\config.mcc\mcc_generated_files\uart\src/eusart.c:396
;     RC1STAbits.CREN = 1;
     fad: 1d 16        	bsf	0x1d, 0x4
; C:\Users\tsq\MPLABProjects\Analog_PBX\IP_UNIT\config.mcc\mcc_generated_files\uart\src/eusart.c:397
; }
     fae: 08 00        	return

Disassembly of section intentry:

00000004 <__pintentry>:
; __end_of_TMR2_DefaultPeriodMatchCallback():
; C:\Users\tsq\MPLABProjects\Analog_PBX\IP_UNIT\config.mcc\mcc_generated_files\system\src/interrupt.c:59
; void __interrupt() INTERRUPT_InterruptManager (void)
       4: 7e 14        	bsf	0x7e, 0x0
       5: 80 31        	movlp	0x0
       6: 00 30        	movlw	0x0
       7: 86 00        	movwf	0x6
       8: 00 30        	movlw	0x0
       9: 87 00        	movwf	0x7
; C:\Users\tsq\MPLABProjects\Analog_PBX\IP_UNIT\config.mcc\mcc_generated_files\system\src/interrupt.c:62
;     if(INTCONbits.PEIE == 1)
       a: 0b 1f        	btfss	0xb, 0x6
       b: 0d 28        	goto	0xd
       c: 0e 28        	goto	0xe
       d: 3d 28        	goto	0x3d
; C:\Users\tsq\MPLABProjects\Analog_PBX\IP_UNIT\config.mcc\mcc_generated_files\system\src/interrupt.c:64
;         if(PIE1bits.TXIE == 1 && PIR1bits.TXIF == 1)
       e: 21 00        	movlb	0x1
       f: 11 1e        	btfss	0x11, 0x4
      10: 12 28        	goto	0x12
      11: 13 28        	goto	0x13
      12: 1f 28        	goto	0x1f
      13: 20 00        	movlb	0x0
      14: 11 1e        	btfss	0x11, 0x4
      15: 17 28        	goto	0x17
      16: 18 28        	goto	0x18
      17: 1f 28        	goto	0x1f
; C:\Users\tsq\MPLABProjects\Analog_PBX\IP_UNIT\config.mcc\mcc_generated_files\system\src/interrupt.c:66
;             EUSART_TxInterruptHandler();
      18: 21 00        	movlb	0x1
      19: 63 08        	movf	0x63, w
      1a: 8a 00        	movwf	0xa
      1b: 62 08        	movf	0x62, w
      1c: 0a 00        	callw
      1d: 80 31        	movlp	0x0
; C:\Users\tsq\MPLABProjects\Analog_PBX\IP_UNIT\config.mcc\mcc_generated_files\system\src/interrupt.c:67
;         } 
      1e: 3d 28        	goto	0x3d
; C:\Users\tsq\MPLABProjects\Analog_PBX\IP_UNIT\config.mcc\mcc_generated_files\system\src/interrupt.c:68
;         else if(PIE1bits.RCIE == 1 && PIR1bits.RCIF == 1)
      1f: 21 00        	movlb	0x1
; __pbssBANK0():
; C:\Users\tsq\MPLABProjects\Analog_PBX\IP_UNIT\config.mcc\mcc_generated_files\system\src/interrupt.c:68
      20: 91 1e        	btfss	0x11, 0x5
      21: 23 28        	goto	0x23
; _prec():
; C:\Users\tsq\MPLABProjects\Analog_PBX\IP_UNIT\config.mcc\mcc_generated_files\system\src/interrupt.c:68
      22: 24 28        	goto	0x24
      23: 30 28        	goto	0x30
; _EUSART_OverrunErrorHandler():
; C:\Users\tsq\MPLABProjects\Analog_PBX\IP_UNIT\config.mcc\mcc_generated_files\system\src/interrupt.c:68
      24: 20 00        	movlb	0x0
      25: 91 1e        	btfss	0x11, 0x5
; _EUSART_FramingErrorHandler():
; C:\Users\tsq\MPLABProjects\Analog_PBX\IP_UNIT\config.mcc\mcc_generated_files\system\src/interrupt.c:68
      26: 28 28        	goto	0x28
      27: 29 28        	goto	0x29
; _EUSART_RxCompleteInterruptHandler():
; C:\Users\tsq\MPLABProjects\Analog_PBX\IP_UNIT\config.mcc\mcc_generated_files\system\src/interrupt.c:68
      28: 30 28        	goto	0x30
; C:\Users\tsq\MPLABProjects\Analog_PBX\IP_UNIT\config.mcc\mcc_generated_files\system\src/interrupt.c:70
;             EUSART_RxInterruptHandler();
      29: 21 00        	movlb	0x1
; _EUSART_TxCompleteInterruptHandler():
; C:\Users\tsq\MPLABProjects\Analog_PBX\IP_UNIT\config.mcc\mcc_generated_files\system\src/interrupt.c:70
      2a: 61 08        	movf	0x61, w
      2b: 8a 00        	movwf	0xa
; _eusartRxLastError():
; C:\Users\tsq\MPLABProjects\Analog_PBX\IP_UNIT\config.mcc\mcc_generated_files\system\src/interrupt.c:70
      2c: 60 08        	movf	0x60, w
      2d: 0a 00        	callw
; _INT_InterruptHandler():
; C:\Users\tsq\MPLABProjects\Analog_PBX\IP_UNIT\config.mcc\mcc_generated_files\system\src/interrupt.c:70
      2e: 80 31        	movlp	0x0
; C:\Users\tsq\MPLABProjects\Analog_PBX\IP_UNIT\config.mcc\mcc_generated_files\system\src/interrupt.c:71
;         } 
      2f: 3d 28        	goto	0x3d
; _sbc_link_timer():
; C:\Users\tsq\MPLABProjects\Analog_PBX\IP_UNIT\config.mcc\mcc_generated_files\system\src/interrupt.c:72
;         else if(PIE1bits.TMR2IE == 1 && PIR1bits.TMR2IF == 1)
      30: 21 00        	movlb	0x1
      31: 91 1c        	btfss	0x11, 0x1
; _pbx_busy_timer():
; C:\Users\tsq\MPLABProjects\Analog_PBX\IP_UNIT\config.mcc\mcc_generated_files\system\src/interrupt.c:72
      32: 34 28        	goto	0x34
      33: 35 28        	goto	0x35
; _pulse_timeout():
; C:\Users\tsq\MPLABProjects\Analog_PBX\IP_UNIT\config.mcc\mcc_generated_files\system\src/interrupt.c:72
      34: 3d 28        	goto	0x3d
      35: 20 00        	movlb	0x0
; _state_timer():
; C:\Users\tsq\MPLABProjects\Analog_PBX\IP_UNIT\config.mcc\mcc_generated_files\system\src/interrupt.c:72
      36: 91 1c        	btfss	0x11, 0x1
      37: 39 28        	goto	0x39
; _flags():
; C:\Users\tsq\MPLABProjects\Analog_PBX\IP_UNIT\config.mcc\mcc_generated_files\system\src/interrupt.c:72
      38: 3a 28        	goto	0x3a
; _eusartRxCount():
; C:\Users\tsq\MPLABProjects\Analog_PBX\IP_UNIT\config.mcc\mcc_generated_files\system\src/interrupt.c:72
      39: 3d 28        	goto	0x3d
; _eusartTxBufferRemaining():
; C:\Users\tsq\MPLABProjects\Analog_PBX\IP_UNIT\config.mcc\mcc_generated_files\system\src/interrupt.c:74
;             TMR2_ISR();
      3a: 87 31        	movlp	0x7
; _eusartTxTail():
; C:\Users\tsq\MPLABProjects\Analog_PBX\IP_UNIT\config.mcc\mcc_generated_files\system\src/interrupt.c:74
      3b: d2 27        	call	0x7d2
; _eusartTxHead():
; C:\Users\tsq\MPLABProjects\Analog_PBX\IP_UNIT\config.mcc\mcc_generated_files\system\src/interrupt.c:74
      3c: 80 31        	movlp	0x0
; _uart_rx_idx():
; C:\Users\tsq\MPLABProjects\Analog_PBX\IP_UNIT\config.mcc\mcc_generated_files\system\src/interrupt.c:85
; }
      3d: 7e 10        	bcf	0x7e, 0x0
; _tx_pulse_phase():
; C:\Users\tsq\MPLABProjects\Analog_PBX\IP_UNIT\config.mcc\mcc_generated_files\system\src/interrupt.c:85
      3e: 09 00        	retfie

Disassembly of section cinit:

00000041 <start_initialization>:
; _rx_digit_count():
      41: 8f 31        	movlp	0xf
; _rx_pulse_count():
      42: a8 27        	call	0x7a8
; _is_link_up():
      43: 80 31        	movlp	0x0
; _current_state():
      44: e9 00        	movwf	0x69
; __pcstackBANK0():
      45: 8f 31        	movlp	0xf
      46: a9 27        	call	0x7a9
      47: 80 31        	movlp	0x0
      48: ea 00        	movwf	0x6a
      49: 8f 31        	movlp	0xf
; vfpfcnvrt@fp():
      4a: aa 27        	call	0x7aa
      4b: 80 31        	movlp	0x0
; vfpfcnvrt@fmt():
      4c: eb 00        	movwf	0x6b
; vfpfcnvrt@ap():
      4d: fa 01        	clrf	0x7a
      4e: fb 01        	clrf	0x7b
      4f: 20 30        	movlw	0x20
      50: 84 00        	movwf	0x4
      51: 00 30        	movlw	0x0
      52: 85 00        	movwf	0x5
; vfpfcnvrt@done():
      53: 25 30        	movlw	0x25
; vfpfcnvrt@cp_1239():
      54: 8f 31        	movlp	0xf
; vfprintf@fp():
      55: bb 27        	call	0x7bb
      56: 80 31        	movlp	0x0
; vfprintf@fmt():
      57: a0 30        	movlw	0xa0
      58: 84 00        	movwf	0x4
; vfprintf@ap():
      59: 00 30        	movlw	0x0
; vfprintf@cfmt():
      5a: 85 00        	movwf	0x5
      5b: 40 30        	movlw	0x40
; printf@fmt():
      5c: 8f 31        	movlp	0xf
      5d: bb 27        	call	0x7bb
      5e: 80 31        	movlp	0x0
      5f: 20 30        	movlw	0x20
; printf@ap():
      60: 84 00        	movwf	0x4
; ProcessUARTCommand@cmd():
      61: 01 30        	movlw	0x1
      62: 85 00        	movwf	0x5
; _ProcessStateMachine$240():
      63: 40 30        	movlw	0x40
      64: 8f 31        	movlp	0xf
; ProcessStateMachine@d():
      65: bb 27        	call	0x7bb
; ProcessStateMachine@current_ri():
      66: 80 31        	movlp	0x0
      67: a0 30        	movlw	0xa0
      68: 84 00        	movwf	0x4
; _led_blink_timer():
      69: 01 30        	movlw	0x1
      6a: 85 00        	movwf	0x5
; _last_ri_state():
      6b: 40 30        	movlw	0x40
; __pnvBANK0():
      6c: 8f 31        	movlp	0xf
      6d: bb 27        	call	0x7bb
      6e: 80 31        	movlp	0x0
      6f: 20 30        	movlw	0x20
; __pcstackCOMMON():
      70: 84 00        	movwf	0x4
; EUSART_ReceiveISR@tempRxHead():
      71: 02 30        	movlw	0x2
; ?_strncmp():
      72: 85 00        	movwf	0x5
; EUSART_Write@txData():
      73: 20 30        	movlw	0x20
; putch@txData():
      74: 8f 31        	movlp	0xf
; fputc@c():
      75: bb 27        	call	0x7bb
; strncpy@cp():
      76: 80 31        	movlp	0x0

00000077 <end_of_initialization>:
; __end_of__initialization():
      77: 7e 10        	bcf	0x7e, 0x0
      78: 20 00        	movlb	0x0
      79: 82 31        	movlp	0x2
; _eusartRxTail():
      7a: 2c 2a        	goto	0x22c

0000007b <__ptext16>:
; _ProcessStateMachine():
; C:\Users\tsq\MPLABProjects\Analog_PBX\IP_UNIT\config.mcc/main.c:231
;     bool current_ri = T1_IN_GetValue(); // ※PBXからのRI信号(要結線確認)
      7b: 20 00        	movlb	0x0
      7c: 0c 0c        	rrf	0xc, w
      7d: 89 0c        	rrf	0x9, f
      7e: 01 39        	andlw	0x1
      7f: e6 00        	movwf	0x66
; C:\Users\tsq\MPLABProjects\Analog_PBX\IP_UNIT\config.mcc/main.c:232
;     current_ri = RI_IN_GetValue();      // 正しくはRIピン
      80: 0e 0c        	rrf	0xe, w
      81: 89 0c        	rrf	0x9, f
      82: 01 39        	andlw	0x1
      83: e6 00        	movwf	0x66
; C:\Users\tsq\MPLABProjects\Analog_PBX\IP_UNIT\config.mcc/main.c:235
;     if (current_state != STATE_IDLE && pbx_busy_timer > 100) {
      84: 44 08        	movf	0x44, w
      85: 03 19        	btfsc	0x3, 0x2
      86: 88 28        	goto	0x88
      87: 89 28        	goto	0x89
      88: 9e 28        	goto	0x9e
      89: 00 30        	movlw	0x0
      8a: 33 02        	subwf	0x33, w
      8b: 65 30        	movlw	0x65
      8c: 03 19        	btfsc	0x3, 0x2
      8d: 32 02        	subwf	0x32, w
      8e: 03 1c        	btfss	0x3, 0x0
      8f: 91 28        	goto	0x91
      90: 92 28        	goto	0x92
      91: 9e 28        	goto	0x9e
; C:\Users\tsq\MPLABProjects\Analog_PBX\IP_UNIT\config.mcc/main.c:236
;         printf("DROP (Reason: PBX BUSY detected)\r\n"); // SBCに切断を通知
      92: fc 30        	movlw	0xfc
      93: dc 00        	movwf	0x5c
      94: 86 30        	movlw	0x86
      95: dd 00        	movwf	0x5d
      96: 87 31        	movlp	0x7
      97: b3 27        	call	0x7b3
      98: 80 31        	movlp	0x0
; C:\Users\tsq\MPLABProjects\Analog_PBX\IP_UNIT\config.mcc/main.c:237
;         HO_OUT_SetLow();    // オンフック
      99: 22 00        	movlb	0x2
      9a: 8e 10        	bcf	0xe, 0x1
; C:\Users\tsq\MPLABProjects\Analog_PBX\IP_UNIT\config.mcc/main.c:238
;         current_state = STATE_IDLE;
      9b: 20 00        	movlb	0x0
      9c: c4 01        	clrf	0x44
      9d: 2b 2a        	goto	0x22b
; C:\Users\tsq\MPLABProjects\Analog_PBX\IP_UNIT\config.mcc/main.c:242
;     StatusLEDControl(current_state);
      9e: 44 08        	movf	0x44, w
      9f: 85 31        	movlp	0x5
; __pbssBANK1():
; C:\Users\tsq\MPLABProjects\Analog_PBX\IP_UNIT\config.mcc/main.c:242
      a0: dc 25        	call	0x5dc
      a1: 80 31        	movlp	0x0
; C:\Users\tsq\MPLABProjects\Analog_PBX\IP_UNIT\config.mcc/main.c:244
;     switch (current_state) {
      a2: 09 2a        	goto	0x209
; C:\Users\tsq\MPLABProjects\Analog_PBX\IP_UNIT\config.mcc/main.c:247
;             if (last_ri_state == true && current_ri == false) {
      a3: 6b 03        	decf	0x6b, w
      a4: 03 1d        	btfss	0x3, 0x2
      a5: a7 28        	goto	0xa7
      a6: a8 28        	goto	0xa8
      a7: 29 2a        	goto	0x229
      a8: 66 08        	movf	0x66, w
      a9: 03 1d        	btfss	0x3, 0x2
      aa: ac 28        	goto	0xac
      ab: ad 28        	goto	0xad
      ac: 29 2a        	goto	0x229
; C:\Users\tsq\MPLABProjects\Analog_PBX\IP_UNIT\config.mcc/main.c:248
;                 rx_pulse_count = 1;
      ad: 01 30        	movlw	0x1
      ae: c2 00        	movwf	0x42
; C:\Users\tsq\MPLABProjects\Analog_PBX\IP_UNIT\config.mcc/main.c:249
;                 rx_digit_count = 0;
      af: c1 01        	clrf	0x41
; C:\Users\tsq\MPLABProjects\Analog_PBX\IP_UNIT\config.mcc/main.c:250
;                 memset(rx_number, 0, sizeof(rx_number));
      b0: d0 30        	movlw	0xd0
      b1: f2 00        	movwf	0x72
      b2: 00 30        	movlw	0x0
      b3: f3 00        	movwf	0x73
      b4: f4 00        	movwf	0x74
      b5: 10 30        	movlw	0x10
      b6: f5 00        	movwf	0x75
      b7: 00 30        	movlw	0x0
      b8: f6 00        	movwf	0x76
      b9: 87 31        	movlp	0x7
      ba: 74 27        	call	0x774
      bb: 80 31        	movlp	0x0
; C:\Users\tsq\MPLABProjects\Analog_PBX\IP_UNIT\config.mcc/main.c:251
;                 pulse_timeout = 100; // 桁確定タイマー
      bc: 64 30        	movlw	0x64
      bd: 20 00        	movlb	0x0
      be: b4 00        	movwf	0x34
      bf: 00 30        	movlw	0x0
; _tx_number():
; C:\Users\tsq\MPLABProjects\Analog_PBX\IP_UNIT\config.mcc/main.c:251
      c0: b5 00        	movwf	0x35
; C:\Users\tsq\MPLABProjects\Analog_PBX\IP_UNIT\config.mcc/main.c:252
;                 current_state = STATE_RX_PULSES;
      c1: 01 30        	movlw	0x1
      c2: c4 00        	movwf	0x44
      c3: 29 2a        	goto	0x229
; C:\Users\tsq\MPLABProjects\Analog_PBX\IP_UNIT\config.mcc/main.c:258
;             if (last_ri_state == true && current_ri == false) {
      c4: 6b 03        	decf	0x6b, w
      c5: 03 1d        	btfss	0x3, 0x2
      c6: c8 28        	goto	0xc8
      c7: c9 28        	goto	0xc9
      c8: d4 28        	goto	0xd4
      c9: 66 08        	movf	0x66, w
      ca: 03 1d        	btfss	0x3, 0x2
      cb: cd 28        	goto	0xcd
      cc: ce 28        	goto	0xce
      cd: d4 28        	goto	0xd4
; C:\Users\tsq\MPLABProjects\Analog_PBX\IP_UNIT\config.mcc/main.c:259
;                 rx_pulse_count++;
      ce: 01 30        	movlw	0x1
      cf: c2 07        	addwf	0x42, f
; _rx_number():
; C:\Users\tsq\MPLABProjects\Analog_PBX\IP_UNIT\config.mcc/main.c:260
;                 pulse_timeout = 100; // パルスが来るたびにリセット
      d0: 64 30        	movlw	0x64
      d1: b4 00        	movwf	0x34
      d2: 00 30        	movlw	0x0
      d3: b5 00        	movwf	0x35
; C:\Users\tsq\MPLABProjects\Analog_PBX\IP_UNIT\config.mcc/main.c:264
;             if (current_ri == true && pulse_timeout == 0 && rx_pulse_count > 0) {
      d4: 66 03        	decf	0x66, w
      d5: 03 1d        	btfss	0x3, 0x2
      d6: d8 28        	goto	0xd8
      d7: d9 28        	goto	0xd9
      d8: 25 29        	goto	0x125
      d9: 34 08        	movf	0x34, w
      da: 35 04        	iorwf	0x35, w
      db: 03 1d        	btfss	0x3, 0x2
      dc: de 28        	goto	0xde
      dd: df 28        	goto	0xdf
      de: 25 29        	goto	0x125
      df: 42 08        	movf	0x42, w
; __pnvBANK1():
; C:\Users\tsq\MPLABProjects\Analog_PBX\IP_UNIT\config.mcc/main.c:264
      e0: 03 19        	btfsc	0x3, 0x2
      e1: e3 28        	goto	0xe3
; _EUSART_TxInterruptHandler():
; C:\Users\tsq\MPLABProjects\Analog_PBX\IP_UNIT\config.mcc/main.c:264
      e2: e4 28        	goto	0xe4
      e3: 25 29        	goto	0x125
; __pcstackBANK1():
; C:\Users\tsq\MPLABProjects\Analog_PBX\IP_UNIT\config.mcc/main.c:265
;                 if(1 <= rx_pulse_count  && rx_pulse_count <= 9){
      e4: 42 08        	movf	0x42, w
      e5: 03 19        	btfsc	0x3, 0x2
; main@c():
; C:\Users\tsq\MPLABProjects\Analog_PBX\IP_UNIT\config.mcc/main.c:265
      e6: e8 28        	goto	0xe8
      e7: e9 28        	goto	0xe9
      e8: f9 28        	goto	0xf9
      e9: 0a 30        	movlw	0xa
      ea: 42 02        	subwf	0x42, w
      eb: 03 18        	btfsc	0x3, 0x0
      ec: ee 28        	goto	0xee
      ed: ef 28        	goto	0xef
      ee: f9 28        	goto	0xf9
; C:\Users\tsq\MPLABProjects\Analog_PBX\IP_UNIT\config.mcc/main.c:266
;                     rx_number[rx_digit_count++] = rx_pulse_count + '0';
      ef: 41 08        	movf	0x41, w
      f0: d0 3e        	addlw	0x50, f
      f1: 86 00        	movwf	0x6
      f2: 87 01        	clrf	0x7
      f3: 42 08        	movf	0x42, w
      f4: 30 3e        	addlw	0x30, w
      f5: 81 00        	movwf	0x1
      f6: 01 30        	movlw	0x1
      f7: c1 07        	addwf	0x41, f
; C:\Users\tsq\MPLABProjects\Analog_PBX\IP_UNIT\config.mcc/main.c:267
;                 } else if (rx_pulse_count == 10){
      f8: 20 29        	goto	0x120
      f9: 0a 30        	movlw	0xa
      fa: 42 06        	xorwf	0x42, w
      fb: 03 1d        	btfss	0x3, 0x2
      fc: fe 28        	goto	0xfe
      fd: ff 28        	goto	0xff
      fe: 06 29        	goto	0x106
; C:\Users\tsq\MPLABProjects\Analog_PBX\IP_UNIT\config.mcc/main.c:268
;                     rx_number[rx_digit_count++] = '0';
      ff: 41 08        	movf	0x41, w
     100: d0 3e        	addlw	0x50, f
     101: 86 00        	movwf	0x6
     102: 87 01        	clrf	0x7
     103: 30 30        	movlw	0x30
     104: 81 00        	movwf	0x1
     105: f6 28        	goto	0xf6
; C:\Users\tsq\MPLABProjects\Analog_PBX\IP_UNIT\config.mcc/main.c:269
;                 } else if (rx_pulse_count == 11){ // 11と12パルスで'*','#'へ置換
     106: 0b 30        	movlw	0xb
     107: 42 06        	xorwf	0x42, w
     108: 03 1d        	btfss	0x3, 0x2
     109: 0b 29        	goto	0x10b
     10a: 0c 29        	goto	0x10c
     10b: 13 29        	goto	0x113
; C:\Users\tsq\MPLABProjects\Analog_PBX\IP_UNIT\config.mcc/main.c:270
;                     rx_number[rx_digit_count++] = '*';
     10c: 41 08        	movf	0x41, w
     10d: d0 3e        	addlw	0x50, f
     10e: 86 00        	movwf	0x6
     10f: 87 01        	clrf	0x7
     110: 2a 30        	movlw	0x2a
     111: 81 00        	movwf	0x1
     112: f6 28        	goto	0xf6
; C:\Users\tsq\MPLABProjects\Analog_PBX\IP_UNIT\config.mcc/main.c:271
;                 } else if (rx_pulse_count == 12){
     113: 0c 30        	movlw	0xc
     114: 42 06        	xorwf	0x42, w
     115: 03 1d        	btfss	0x3, 0x2
     116: 18 29        	goto	0x118
     117: 19 29        	goto	0x119
     118: 20 29        	goto	0x120
; C:\Users\tsq\MPLABProjects\Analog_PBX\IP_UNIT\config.mcc/main.c:272
;                     rx_number[rx_digit_count++] = '#';
     119: 41 08        	movf	0x41, w
     11a: d0 3e        	addlw	0x50, f
     11b: 86 00        	movwf	0x6
     11c: 87 01        	clrf	0x7
     11d: 23 30        	movlw	0x23
     11e: 81 00        	movwf	0x1
     11f: f6 28        	goto	0xf6
; __pbssBANK2():
; C:\Users\tsq\MPLABProjects\Analog_PBX\IP_UNIT\config.mcc/main.c:275
;                 rx_pulse_count = 0;
     120: c2 01        	clrf	0x42
; C:\Users\tsq\MPLABProjects\Analog_PBX\IP_UNIT\config.mcc/main.c:278
;                 state_timer = 500; 
     121: f4 30        	movlw	0xf4
     122: b6 00        	movwf	0x36
     123: 01 30        	movlw	0x1
     124: b7 00        	movwf	0x37
; C:\Users\tsq\MPLABProjects\Analog_PBX\IP_UNIT\config.mcc/main.c:282
;             if (current_ri == true && pulse_timeout == 0 && rx_pulse_count == 0) {
     125: 66 03        	decf	0x66, w
     126: 03 1d        	btfss	0x3, 0x2
     127: 29 29        	goto	0x129
     128: 2a 29        	goto	0x12a
     129: 29 2a        	goto	0x229
     12a: 34 08        	movf	0x34, w
     12b: 35 04        	iorwf	0x35, w
     12c: 03 1d        	btfss	0x3, 0x2
     12d: 2f 29        	goto	0x12f
     12e: 30 29        	goto	0x130
     12f: 29 2a        	goto	0x229
     130: 42 08        	movf	0x42, w
     131: 03 1d        	btfss	0x3, 0x2
     132: 34 29        	goto	0x134
     133: 35 29        	goto	0x135
     134: 29 2a        	goto	0x229
; C:\Users\tsq\MPLABProjects\Analog_PBX\IP_UNIT\config.mcc/main.c:283
;                 if (state_timer == 0 && rx_digit_count > 0) {
     135: 36 08        	movf	0x36, w
     136: 37 04        	iorwf	0x37, w
     137: 03 1d        	btfss	0x3, 0x2
     138: 3a 29        	goto	0x13a
     139: 3b 29        	goto	0x13b
     13a: 29 2a        	goto	0x229
     13b: 41 08        	movf	0x41, w
     13c: 03 19        	btfsc	0x3, 0x2
     13d: 3f 29        	goto	0x13f
     13e: 40 29        	goto	0x140
     13f: 29 2a        	goto	0x229
; C:\Users\tsq\MPLABProjects\Analog_PBX\IP_UNIT\config.mcc/main.c:284
;                     if (is_link_up) { // ハートビートでリンクupの状態ならDIAL送出
     140: 43 08        	movf	0x43, w
     141: 03 19        	btfsc	0x3, 0x2
     142: 44 29        	goto	0x144
     143: 45 29        	goto	0x145
     144: 54 29        	goto	0x154
; C:\Users\tsq\MPLABProjects\Analog_PBX\IP_UNIT\config.mcc/main.c:285
;                         printf("DIAL %s\r\n", rx_number);
     145: 00 30        	movlw	0x0
     146: dc 00        	movwf	0x5c
     147: 90 30        	movlw	0x90
     148: dd 00        	movwf	0x5d
     149: d0 30        	movlw	0xd0
     14a: de 00        	movwf	0x5e
     14b: 00 30        	movlw	0x0
     14c: df 00        	movwf	0x5f
     14d: 87 31        	movlp	0x7
     14e: b3 27        	call	0x7b3
     14f: 80 31        	movlp	0x0
; C:\Users\tsq\MPLABProjects\Analog_PBX\IP_UNIT\config.mcc/main.c:286
;                         current_state = STATE_WAIT_IP_ANS;
     150: 02 30        	movlw	0x2
     151: 20 00        	movlb	0x0
     152: c4 00        	movwf	0x44
; C:\Users\tsq\MPLABProjects\Analog_PBX\IP_UNIT\config.mcc/main.c:287
;                     } else {
     153: 29 2a        	goto	0x229
; C:\Users\tsq\MPLABProjects\Analog_PBX\IP_UNIT\config.mcc/main.c:290
;                         HO_OUT_SetHigh();
     154: 22 00        	movlb	0x2
     155: 8e 14        	bsf	0xe, 0x1
; C:\Users\tsq\MPLABProjects\Analog_PBX\IP_UNIT\config.mcc/main.c:291
;                         __delay_ms(100);
     156: 05 30        	movlw	0x5
     157: 20 00        	movlb	0x0
     158: e2 00        	movwf	0x62
     159: 0f 30        	movlw	0xf
     15a: e1 00        	movwf	0x61
     15b: f1 30        	movlw	0xf1
     15c: 89 0b        	decfsz	0x9, f
     15d: 5c 29        	goto	0x15c
     15e: e1 0b        	decfsz	0x61, f
     15f: 5c 29        	goto	0x15c
     160: e2 0b        	decfsz	0x62, f
     161: 5c 29        	goto	0x15c
; C:\Users\tsq\MPLABProjects\Analog_PBX\IP_UNIT\config.mcc/main.c:292
;                         HO_OUT_SetLow();
     162: 22 00        	movlb	0x2
     163: 8e 10        	bcf	0xe, 0x1
; C:\Users\tsq\MPLABProjects\Analog_PBX\IP_UNIT\config.mcc/main.c:293
;                         current_state = STATE_IDLE;
     164: 20 00        	movlb	0x0
     165: c4 01        	clrf	0x44
     166: 29 2a        	goto	0x229
; C:\Users\tsq\MPLABProjects\Analog_PBX\IP_UNIT\config.mcc/main.c:302
;             if (!is_link_up) { // 待っている間にダウンした場合の処理
     167: 43 08        	movf	0x43, w
     168: 03 1d        	btfss	0x3, 0x2
     169: 6b 29        	goto	0x16b
     16a: 6c 29        	goto	0x16c
     16b: 29 2a        	goto	0x229
; C:\Users\tsq\MPLABProjects\Analog_PBX\IP_UNIT\config.mcc/main.c:304
;                 HO_OUT_SetHigh();
     16c: 22 00        	movlb	0x2
     16d: 8e 14        	bsf	0xe, 0x1
; C:\Users\tsq\MPLABProjects\Analog_PBX\IP_UNIT\config.mcc/main.c:305
;                 __delay_ms(100);
     16e: 05 30        	movlw	0x5
     16f: 20 00        	movlb	0x0
     170: e2 00        	movwf	0x62
     171: 0f 30        	movlw	0xf
     172: e1 00        	movwf	0x61
     173: f1 30        	movlw	0xf1
     174: 89 0b        	decfsz	0x9, f
     175: 74 29        	goto	0x174
     176: e1 0b        	decfsz	0x61, f
     177: 74 29        	goto	0x174
     178: e2 0b        	decfsz	0x62, f
     179: 74 29        	goto	0x174
; C:\Users\tsq\MPLABProjects\Analog_PBX\IP_UNIT\config.mcc/main.c:306
;                 HO_OUT_SetLow();
     17a: 22 00        	movlb	0x2
     17b: 8e 10        	bcf	0xe, 0x1
     17c: 64 29        	goto	0x164
; C:\Users\tsq\MPLABProjects\Analog_PBX\IP_UNIT\config.mcc/main.c:313
;             if (state_timer == 0) {
     17d: 36 08        	movf	0x36, w
     17e: 37 04        	iorwf	0x37, w
     17f: 03 1d        	btfss	0x3, 0x2
     180: 82 29        	goto	0x182
     181: 83 29        	goto	0x183
     182: 29 2a        	goto	0x229
; C:\Users\tsq\MPLABProjects\Analog_PBX\IP_UNIT\config.mcc/main.c:314
;                 tx_digit_idx = 0;
     183: c0 01        	clrf	0x40
; C:\Users\tsq\MPLABProjects\Analog_PBX\IP_UNIT\config.mcc/main.c:315
;                 tx_pulse_phase = 0;
     184: be 01        	clrf	0x3e
; C:\Users\tsq\MPLABProjects\Analog_PBX\IP_UNIT\config.mcc/main.c:316
;                 state_timer = 100; // 最初だけ少しディレイ
     185: 64 30        	movlw	0x64
     186: b6 00        	movwf	0x36
     187: 00 30        	movlw	0x0
     188: b7 00        	movwf	0x37
; C:\Users\tsq\MPLABProjects\Analog_PBX\IP_UNIT\config.mcc/main.c:317
;                 current_state = STATE_TX_PULSES;
     189: 04 30        	movlw	0x4
     18a: c4 00        	movwf	0x44
     18b: 29 2a        	goto	0x229
; C:\Users\tsq\MPLABProjects\Analog_PBX\IP_UNIT\config.mcc/main.c:322
;             if (state_timer == 0) {
     18c: 36 08        	movf	0x36, w
     18d: 37 04        	iorwf	0x37, w
     18e: 03 1d        	btfss	0x3, 0x2
     18f: 91 29        	goto	0x191
     190: 92 29        	goto	0x192
     191: 29 2a        	goto	0x229
; C:\Users\tsq\MPLABProjects\Analog_PBX\IP_UNIT\config.mcc/main.c:323
;                 if (tx_pulse_phase == 0) { // 次の桁の準備
     192: 3e 08        	movf	0x3e, w
     193: 03 1d        	btfss	0x3, 0x2
     194: 96 29        	goto	0x196
     195: 97 29        	goto	0x197
     196: c2 29        	goto	0x1c2
; C:\Users\tsq\MPLABProjects\Analog_PBX\IP_UNIT\config.mcc/main.c:324
;                     if (tx_number[tx_digit_idx] != '\0') {
     197: 40 08        	movf	0x40, w
     198: c0 3e        	addlw	0x40, f
     199: 86 00        	movwf	0x6
     19a: 87 01        	clrf	0x7
     19b: 01 08        	movf	0x1, w
     19c: 03 19        	btfsc	0x3, 0x2
     19d: 9f 29        	goto	0x19f
     19e: a0 29        	goto	0x1a0
     19f: bd 29        	goto	0x1bd
; __pbssBANK3():
; C:\Users\tsq\MPLABProjects\Analog_PBX\IP_UNIT\config.mcc/main.c:325
;                         uint8_t d = tx_number[tx_digit_idx] - '0';
     1a0: 40 08        	movf	0x40, w
     1a1: c0 3e        	addlw	0x40, f
     1a2: 86 00        	movwf	0x6
     1a3: 87 01        	clrf	0x7
     1a4: 01 08        	movf	0x1, w
     1a5: d0 3e        	addlw	0x50, f
     1a6: e5 00        	movwf	0x65
; C:\Users\tsq\MPLABProjects\Analog_PBX\IP_UNIT\config.mcc/main.c:326
;                         tx_pulse_count = (d == 0) ? 10 : d;
     1a7: 65 08        	movf	0x65, w
     1a8: 03 19        	btfsc	0x3, 0x2
     1a9: ab 29        	goto	0x1ab
     1aa: ac 29        	goto	0x1ac
     1ab: b4 29        	goto	0x1b4
     1ac: 65 08        	movf	0x65, w
     1ad: e1 00        	movwf	0x61
     1ae: e2 01        	clrf	0x62
     1af: 61 08        	movf	0x61, w
     1b0: e3 00        	movwf	0x63
     1b1: 62 08        	movf	0x62, w
     1b2: e4 00        	movwf	0x64
     1b3: b8 29        	goto	0x1b8
     1b4: 0a 30        	movlw	0xa
     1b5: e3 00        	movwf	0x63
     1b6: 00 30        	movlw	0x0
     1b7: e4 00        	movwf	0x64
     1b8: 63 08        	movf	0x63, w
     1b9: bf 00        	movwf	0x3f
; C:\Users\tsq\MPLABProjects\Analog_PBX\IP_UNIT\config.mcc/main.c:327
;                         tx_pulse_phase = 1;
     1ba: 01 30        	movlw	0x1
     1bb: be 00        	movwf	0x3e
; C:\Users\tsq\MPLABProjects\Analog_PBX\IP_UNIT\config.mcc/main.c:328
;                     } else {
     1bc: c2 29        	goto	0x1c2
; C:\Users\tsq\MPLABProjects\Analog_PBX\IP_UNIT\config.mcc/main.c:330
;                         HO_OUT_SetHigh(); // 確実にオフフック維持
     1bd: 22 00        	movlb	0x2
     1be: 8e 14        	bsf	0xe, 0x1
; C:\Users\tsq\MPLABProjects\Analog_PBX\IP_UNIT\config.mcc/main.c:331
;                         current_state = STATE_WAIT_PBX_ANS;
     1bf: 06 30        	movlw	0x6
; _uart_rx_buf():
; C:\Users\tsq\MPLABProjects\Analog_PBX\IP_UNIT\config.mcc/main.c:331
     1c0: 20 00        	movlb	0x0
     1c1: c4 00        	movwf	0x44
; C:\Users\tsq\MPLABProjects\Analog_PBX\IP_UNIT\config.mcc/main.c:335
;                 if (tx_pulse_phase == 1) { // Pulse LOW (Break: 33ms)
     1c2: 3e 03        	decf	0x3e, w
     1c3: 03 1d        	btfss	0x3, 0x2
     1c4: c6 29        	goto	0x1c6
     1c5: c7 29        	goto	0x1c7
     1c6: d1 29        	goto	0x1d1
; C:\Users\tsq\MPLABProjects\Analog_PBX\IP_UNIT\config.mcc/main.c:336
;                     HO_OUT_SetLow();
     1c7: 22 00        	movlb	0x2
     1c8: 8e 10        	bcf	0xe, 0x1
; C:\Users\tsq\MPLABProjects\Analog_PBX\IP_UNIT\config.mcc/main.c:337
;                     state_timer = 33;
     1c9: 21 30        	movlw	0x21
     1ca: 20 00        	movlb	0x0
     1cb: b6 00        	movwf	0x36
     1cc: 00 30        	movlw	0x0
     1cd: b7 00        	movwf	0x37
; C:\Users\tsq\MPLABProjects\Analog_PBX\IP_UNIT\config.mcc/main.c:338
;                     tx_pulse_phase = 2;
     1ce: 02 30        	movlw	0x2
     1cf: be 00        	movwf	0x3e
; C:\Users\tsq\MPLABProjects\Analog_PBX\IP_UNIT\config.mcc/main.c:339
;                 } 
     1d0: 29 2a        	goto	0x229
; C:\Users\tsq\MPLABProjects\Analog_PBX\IP_UNIT\config.mcc/main.c:340
;                 else if (tx_pulse_phase == 2) { // Pulse HIGH (Make: 67ms)
     1d1: 02 30        	movlw	0x2
     1d2: 3e 06        	xorwf	0x3e, w
     1d3: 03 1d        	btfss	0x3, 0x2
     1d4: d6 29        	goto	0x1d6
     1d5: d7 29        	goto	0x1d7
     1d6: 29 2a        	goto	0x229
; C:\Users\tsq\MPLABProjects\Analog_PBX\IP_UNIT\config.mcc/main.c:341
;                     HO_OUT_SetHigh();
     1d7: 22 00        	movlb	0x2
     1d8: 8e 14        	bsf	0xe, 0x1
; C:\Users\tsq\MPLABProjects\Analog_PBX\IP_UNIT\config.mcc/main.c:342
;                     tx_pulse_count--;
     1d9: 01 30        	movlw	0x1
     1da: 20 00        	movlb	0x0
     1db: bf 02        	subwf	0x3f, f
; C:\Users\tsq\MPLABProjects\Analog_PBX\IP_UNIT\config.mcc/main.c:343
;                     if (tx_pulse_count > 0) {
     1dc: 3f 08        	movf	0x3f, w
     1dd: 03 19        	btfsc	0x3, 0x2
     1de: e0 29        	goto	0x1e0
     1df: e1 29        	goto	0x1e1
     1e0: e8 29        	goto	0x1e8
; C:\Users\tsq\MPLABProjects\Analog_PBX\IP_UNIT\config.mcc/main.c:344
;                         state_timer = 67;
     1e1: 43 30        	movlw	0x43
     1e2: b6 00        	movwf	0x36
     1e3: 00 30        	movlw	0x0
     1e4: b7 00        	movwf	0x37
; C:\Users\tsq\MPLABProjects\Analog_PBX\IP_UNIT\config.mcc/main.c:345
;                         tx_pulse_phase = 1;
     1e5: 01 30        	movlw	0x1
     1e6: be 00        	movwf	0x3e
; C:\Users\tsq\MPLABProjects\Analog_PBX\IP_UNIT\config.mcc/main.c:346
;                     } else {
     1e7: 29 2a        	goto	0x229
; C:\Users\tsq\MPLABProjects\Analog_PBX\IP_UNIT\config.mcc/main.c:347
;                         state_timer = 800; // 桁間ポーズ(PBXの600ms以上にする)
     1e8: 20 30        	movlw	0x20
     1e9: b6 00        	movwf	0x36
     1ea: 03 30        	movlw	0x3
     1eb: b7 00        	movwf	0x37
; C:\Users\tsq\MPLABProjects\Analog_PBX\IP_UNIT\config.mcc/main.c:348
;                         tx_pulse_phase = 0;
     1ec: be 01        	clrf	0x3e
; C:\Users\tsq\MPLABProjects\Analog_PBX\IP_UNIT\config.mcc/main.c:349
;                         tx_digit_idx++;
     1ed: 01 30        	movlw	0x1
     1ee: c0 07        	addwf	0x40, f
     1ef: 29 2a        	goto	0x229
; C:\Users\tsq\MPLABProjects\Analog_PBX\IP_UNIT\config.mcc/main.c:359
;             if (state_timer == 0) {
     1f0: 36 08        	movf	0x36, w
     1f1: 37 04        	iorwf	0x37, w
     1f2: 03 1d        	btfss	0x3, 0x2
     1f3: f5 29        	goto	0x1f5
     1f4: f6 29        	goto	0x1f6
     1f5: 29 2a        	goto	0x229
; C:\Users\tsq\MPLABProjects\Analog_PBX\IP_UNIT\config.mcc/main.c:360
;                 if (T1_IN_GetValue() == 1 && T2_IN_GetValue() == 1) {
     1f6: 0c 1d        	btfss	0xc, 0x2
     1f7: f9 29        	goto	0x1f9
     1f8: fa 29        	goto	0x1fa
     1f9: 29 2a        	goto	0x229
     1fa: 0e 1c        	btfss	0xe, 0x0
     1fb: fd 29        	goto	0x1fd
     1fc: fe 29        	goto	0x1fe
     1fd: 29 2a        	goto	0x229
; C:\Users\tsq\MPLABProjects\Analog_PBX\IP_UNIT\config.mcc/main.c:361
;                     printf("ANS\r\n"); // Pythonへ応答を通知して accept させる
     1fe: 1a 30        	movlw	0x1a
     1ff: dc 00        	movwf	0x5c
     200: 90 30        	movlw	0x90
     201: dd 00        	movwf	0x5d
     202: 87 31        	movlp	0x7
     203: b3 27        	call	0x7b3
     204: 80 31        	movlp	0x0
; C:\Users\tsq\MPLABProjects\Analog_PBX\IP_UNIT\config.mcc/main.c:362
;                     current_state = STATE_TALKING;
     205: 05 30        	movlw	0x5
     206: 20 00        	movlb	0x0
     207: c4 00        	movwf	0x44
     208: 29 2a        	goto	0x229
; C:\Users\tsq\MPLABProjects\Analog_PBX\IP_UNIT\config.mcc/main.c:370
;     }
     209: 20 00        	movlb	0x0
     20a: 44 08        	movf	0x44, w
     20b: e1 00        	movwf	0x61
     20c: e2 01        	clrf	0x62
     20d: 62 08        	movf	0x62, w
     20e: 00 3a        	xorlw	0x0
     20f: 03 19        	btfsc	0x3, 0x2
     210: 12 2a        	goto	0x212
     211: 29 2a        	goto	0x229
     212: 61 08        	movf	0x61, w
     213: 00 3a        	xorlw	0x0
     214: 03 19        	btfsc	0x3, 0x2
     215: a3 28        	goto	0xa3
     216: 01 3a        	xorlw	0x1
     217: 03 19        	btfsc	0x3, 0x2
     218: c4 28        	goto	0xc4
     219: 03 3a        	xorlw	0x3
     21a: 03 19        	btfsc	0x3, 0x2
     21b: 67 29        	goto	0x167
     21c: 01 3a        	xorlw	0x1
     21d: 03 19        	btfsc	0x3, 0x2
     21e: 7d 29        	goto	0x17d
     21f: 07 3a        	xorlw	0x7
; __pbssBANK4():
; C:\Users\tsq\MPLABProjects\Analog_PBX\IP_UNIT\config.mcc/main.c:370
     220: 03 19        	btfsc	0x3, 0x2
     221: 8c 29        	goto	0x18c
     222: 01 3a        	xorlw	0x1
     223: 03 19        	btfsc	0x3, 0x2
     224: 29 2a        	goto	0x229
     225: 03 3a        	xorlw	0x3
     226: 03 19        	btfsc	0x3, 0x2
     227: f0 29        	goto	0x1f0
     228: 29 2a        	goto	0x229
; C:\Users\tsq\MPLABProjects\Analog_PBX\IP_UNIT\config.mcc/main.c:372
;     last_ri_state = current_ri;
     229: 66 08        	movf	0x66, w
     22a: eb 00        	movwf	0x6b
; C:\Users\tsq\MPLABProjects\Analog_PBX\IP_UNIT\config.mcc/main.c:373
; }
     22b: 08 00        	return

0000022c <_main>:
; __end_of_ProcessStateMachine():
; C:\Users\tsq\MPLABProjects\Analog_PBX\IP_UNIT\config.mcc/main.c:158
;     SYSTEM_Initialize();
     22c: 87 31        	movlp	0x7
     22d: a0 27        	call	0x7a0
     22e: 82 31        	movlp	0x2
; C:\Users\tsq\MPLABProjects\Analog_PBX\IP_UNIT\config.mcc/main.c:160
;     printf("\r\nIP Unit Started.\r\n");
     22f: 8b 30        	movlw	0x8b
     230: 20 00        	movlb	0x0
     231: dc 00        	movwf	0x5c
     232: 87 30        	movlw	0x87
     233: dd 00        	movwf	0x5d
     234: 87 31        	movlp	0x7
     235: b3 27        	call	0x7b3
     236: 82 31        	movlp	0x2
; C:\Users\tsq\MPLABProjects\Analog_PBX\IP_UNIT\config.mcc/main.c:161
;     HO_OUT_SetLow(); // オンフック(切断)状態で開始
     237: 22 00        	movlb	0x2
     238: 8e 10        	bcf	0xe, 0x1
; C:\Users\tsq\MPLABProjects\Analog_PBX\IP_UNIT\config.mcc/main.c:165
;     printf("Waiting...\r\n");
     239: ef 30        	movlw	0xef
     23a: 20 00        	movlb	0x0
     23b: dc 00        	movwf	0x5c
     23c: 87 30        	movlw	0x87
     23d: dd 00        	movwf	0x5d
     23e: 87 31        	movlp	0x7
     23f: b3 27        	call	0x7b3
     240: 82 31        	movlp	0x2
; C:\Users\tsq\MPLABProjects\Analog_PBX\IP_UNIT\config.mcc/main.c:166
;     for(uint16_t i = 0; i < 100; i++){
     241: 21 00        	movlb	0x1
     242: e4 01        	clrf	0x64
     243: e5 01        	clrf	0x65
; C:\Users\tsq\MPLABProjects\Analog_PBX\IP_UNIT\config.mcc/main.c:167
;         LED1_Toggle();
     244: 03 10        	bcf	0x3, 0x0
     245: 22 00        	movlb	0x2
     246: 8c 1e        	btfss	0xc, 0x5
     247: 03 14        	bsf	0x3, 0x0
     248: 03 18        	btfsc	0x3, 0x0
     249: 4b 2a        	goto	0x24b
     24a: 4e 2a        	goto	0x24e
     24b: 22 00        	movlb	0x2
     24c: 8c 16        	bsf	0xc, 0x5
     24d: 50 2a        	goto	0x250
     24e: 22 00        	movlb	0x2
     24f: 8c 12        	bcf	0xc, 0x5
; C:\Users\tsq\MPLABProjects\Analog_PBX\IP_UNIT\config.mcc/main.c:168
;         LED2_Toggle();
     250: 03 10        	bcf	0x3, 0x0
     251: 0c 1e        	btfss	0xc, 0x4
     252: 03 14        	bsf	0x3, 0x0
     253: 03 18        	btfsc	0x3, 0x0
     254: 56 2a        	goto	0x256
     255: 59 2a        	goto	0x259
     256: 22 00        	movlb	0x2
     257: 0c 16        	bsf	0xc, 0x4
     258: 5b 2a        	goto	0x25b
     259: 22 00        	movlb	0x2
     25a: 0c 12        	bcf	0xc, 0x4
; C:\Users\tsq\MPLABProjects\Analog_PBX\IP_UNIT\config.mcc/main.c:169
;         LED3_Toggle();
     25b: 03 10        	bcf	0x3, 0x0
     25c: 8e 1e        	btfss	0xe, 0x5
     25d: 03 14        	bsf	0x3, 0x0
     25e: 03 18        	btfsc	0x3, 0x0
     25f: 61 2a        	goto	0x261
     260: 64 2a        	goto	0x264
     261: 22 00        	movlb	0x2
     262: 8e 16        	bsf	0xe, 0x5
     263: 66 2a        	goto	0x266
     264: 22 00        	movlb	0x2
     265: 8e 12        	bcf	0xe, 0x5
; C:\Users\tsq\MPLABProjects\Analog_PBX\IP_UNIT\config.mcc/main.c:170
;         __delay_ms(100);
     266: 05 30        	movlw	0x5
     267: 20 00        	movlb	0x0
     268: e8 00        	movwf	0x68
     269: 0f 30        	movlw	0xf
     26a: e7 00        	movwf	0x67
     26b: f1 30        	movlw	0xf1
     26c: 89 0b        	decfsz	0x9, f
     26d: 6c 2a        	goto	0x26c
     26e: e7 0b        	decfsz	0x67, f
     26f: 6c 2a        	goto	0x26c
     270: e8 0b        	decfsz	0x68, f
     271: 6c 2a        	goto	0x26c
; C:\Users\tsq\MPLABProjects\Analog_PBX\IP_UNIT\config.mcc/main.c:171
;         CLRWDT();
     272: 64 00        	tris	0x4
; C:\Users\tsq\MPLABProjects\Analog_PBX\IP_UNIT\config.mcc/main.c:172
;     }
     273: 01 30        	movlw	0x1
     274: 21 00        	movlb	0x1
     275: e4 07        	addwf	0x64, f
     276: 00 30        	movlw	0x0
     277: e5 3d        	addwfc	0x65, f
     278: 00 30        	movlw	0x0
     279: 65 02        	subwf	0x65, w
     27a: 64 30        	movlw	0x64
     27b: 03 19        	btfsc	0x3, 0x2
     27c: 64 02        	subwf	0x64, w
     27d: 03 1c        	btfss	0x3, 0x0
     27e: 80 2a        	goto	0x280
     27f: 81 2a        	goto	0x281
     280: 44 2a        	goto	0x244
; C:\Users\tsq\MPLABProjects\Analog_PBX\IP_UNIT\config.mcc/main.c:179
;     StatusLEDControl(0x07);
     281: 07 30        	movlw	0x7
     282: 85 31        	movlp	0x5
     283: dc 25        	call	0x5dc
     284: 82 31        	movlp	0x2
; C:\Users\tsq\MPLABProjects\Analog_PBX\IP_UNIT\config.mcc/main.c:180
;     CLRWDT();
     285: 64 00        	tris	0x4
; C:\Users\tsq\MPLABProjects\Analog_PBX\IP_UNIT\config.mcc/main.c:181
;     HO_OUT_SetHigh();
     286: 22 00        	movlb	0x2
     287: 8e 14        	bsf	0xe, 0x1
; C:\Users\tsq\MPLABProjects\Analog_PBX\IP_UNIT\config.mcc/main.c:182
;     __delay_ms(500);
     288: 15 30        	movlw	0x15
     289: 20 00        	movlb	0x0
     28a: e8 00        	movwf	0x68
     28b: 4b 30        	movlw	0x4b
     28c: e7 00        	movwf	0x67
     28d: be 30        	movlw	0xbe
     28e: 89 0b        	decfsz	0x9, f
     28f: 8e 2a        	goto	0x28e
     290: e7 0b        	decfsz	0x67, f
     291: 8e 2a        	goto	0x28e
     292: e8 0b        	decfsz	0x68, f
     293: 8e 2a        	goto	0x28e
     294: 00 00        	nop
; C:\Users\tsq\MPLABProjects\Analog_PBX\IP_UNIT\config.mcc/main.c:183
;     CLRWDT();
     295: 64 00        	tris	0x4
; C:\Users\tsq\MPLABProjects\Analog_PBX\IP_UNIT\config.mcc/main.c:184
;     HO_OUT_SetLow();
     296: 22 00        	movlb	0x2
     297: 8e 10        	bcf	0xe, 0x1
; C:\Users\tsq\MPLABProjects\Analog_PBX\IP_UNIT\config.mcc/main.c:185
;     __delay_ms(500);
     298: 15 30        	movlw	0x15
     299: 20 00        	movlb	0x0
     29a: e8 00        	movwf	0x68
     29b: 4b 30        	movlw	0x4b
     29c: e7 00        	movwf	0x67
     29d: be 30        	movlw	0xbe
     29e: 89 0b        	decfsz	0x9, f
     29f: 9e 2a        	goto	0x29e
     2a0: e7 0b        	decfsz	0x67, f
     2a1: 9e 2a        	goto	0x29e
     2a2: e8 0b        	decfsz	0x68, f
     2a3: 9e 2a        	goto	0x29e
     2a4: 00 00        	nop
; C:\Users\tsq\MPLABProjects\Analog_PBX\IP_UNIT\config.mcc/main.c:186
;     HO_OUT_SetHigh();
     2a5: 22 00        	movlb	0x2
     2a6: 8e 14        	bsf	0xe, 0x1
; C:\Users\tsq\MPLABProjects\Analog_PBX\IP_UNIT\config.mcc/main.c:187
;     CLRWDT();
     2a7: 64 00        	tris	0x4
; C:\Users\tsq\MPLABProjects\Analog_PBX\IP_UNIT\config.mcc/main.c:188
;     __delay_ms(500);
     2a8: 15 30        	movlw	0x15
     2a9: 20 00        	movlb	0x0
     2aa: e8 00        	movwf	0x68
     2ab: 4b 30        	movlw	0x4b
     2ac: e7 00        	movwf	0x67
     2ad: be 30        	movlw	0xbe
     2ae: 89 0b        	decfsz	0x9, f
     2af: ae 2a        	goto	0x2ae
     2b0: e7 0b        	decfsz	0x67, f
     2b1: ae 2a        	goto	0x2ae
     2b2: e8 0b        	decfsz	0x68, f
     2b3: ae 2a        	goto	0x2ae
     2b4: 00 00        	nop
; C:\Users\tsq\MPLABProjects\Analog_PBX\IP_UNIT\config.mcc/main.c:189
;     HO_OUT_SetLow();
     2b5: 22 00        	movlb	0x2
     2b6: 8e 10        	bcf	0xe, 0x1
; C:\Users\tsq\MPLABProjects\Analog_PBX\IP_UNIT\config.mcc/main.c:192
;     TMR2_OverflowCallbackRegister(SystemTick_1ms);
     2b7: 7e 30        	movlw	0x7e
     2b8: f2 00        	movwf	0x72
     2b9: 04 30        	movlw	0x4
     2ba: f3 00        	movwf	0x73
     2bb: 8f 31        	movlp	0xf
     2bc: b5 27        	call	0x7b5
     2bd: 82 31        	movlp	0x2
; C:\Users\tsq\MPLABProjects\Analog_PBX\IP_UNIT\config.mcc/main.c:194
;     INTERRUPT_GlobalInterruptEnable();
     2be: 8b 17        	bsf	0xb, 0x7
; C:\Users\tsq\MPLABProjects\Analog_PBX\IP_UNIT\config.mcc/main.c:195
;     INTERRUPT_PeripheralInterruptEnable();
     2bf: 0b 17        	bsf	0xb, 0x6
; C:\Users\tsq\MPLABProjects\Analog_PBX\IP_UNIT\config.mcc/main.c:197
;     printf("Ready.\r\n");
     2c0: 0a 30        	movlw	0xa
     2c1: 20 00        	movlb	0x0
     2c2: dc 00        	movwf	0x5c
     2c3: 90 30        	movlw	0x90
     2c4: dd 00        	movwf	0x5d
     2c5: 87 31        	movlp	0x7
     2c6: b3 27        	call	0x7b3
     2c7: 82 31        	movlp	0x2
; C:\Users\tsq\MPLABProjects\Analog_PBX\IP_UNIT\config.mcc/main.c:198
;     StatusLEDControl(0x00);
     2c8: 00 30        	movlw	0x0
     2c9: 85 31        	movlp	0x5
     2ca: dc 25        	call	0x5dc
     2cb: 82 31        	movlp	0x2
; C:\Users\tsq\MPLABProjects\Analog_PBX\IP_UNIT\config.mcc/main.c:201
;     last_ri_state = RI_IN_GetValue();
     2cc: 20 00        	movlb	0x0
     2cd: 0e 0c        	rrf	0xe, w
     2ce: 89 0c        	rrf	0x9, f
     2cf: 01 39        	andlw	0x1
     2d0: eb 00        	movwf	0x6b
; C:\Users\tsq\MPLABProjects\Analog_PBX\IP_UNIT\config.mcc/main.c:205
;         CLRWDT();
     2d1: 64 00        	tris	0x4
; C:\Users\tsq\MPLABProjects\Analog_PBX\IP_UNIT\config.mcc/main.c:208
;         if (EUSART_IsRxReady()) {
     2d2: 8f 31        	movlp	0xf
     2d3: c1 27        	call	0x7c1
     2d4: 82 31        	movlp	0x2
     2d5: 00 3a        	xorlw	0x0
     2d6: 03 19        	btfsc	0x3, 0x2
     2d7: d9 2a        	goto	0x2d9
     2d8: da 2a        	goto	0x2da
     2d9: 11 2b        	goto	0x311
; C:\Users\tsq\MPLABProjects\Analog_PBX\IP_UNIT\config.mcc/main.c:209
;             char c = EUSART_Read();
     2da: 87 31        	movlp	0x7
     2db: 3e 27        	call	0x73e
     2dc: 82 31        	movlp	0x2
     2dd: 21 00        	movlb	0x1
     2de: e6 00        	movwf	0x66
; C:\Users\tsq\MPLABProjects\Analog_PBX\IP_UNIT\config.mcc/main.c:210
;             if (c == '\r' || c == '\n') {
     2df: 0d 30        	movlw	0xd
     2e0: 66 06        	xorwf	0x66, w
     2e1: 03 19        	btfsc	0x3, 0x2
     2e2: e4 2a        	goto	0x2e4
     2e3: e5 2a        	goto	0x2e5
     2e4: eb 2a        	goto	0x2eb
     2e5: 0a 30        	movlw	0xa
     2e6: 66 06        	xorwf	0x66, w
     2e7: 03 1d        	btfss	0x3, 0x2
     2e8: ea 2a        	goto	0x2ea
     2e9: eb 2a        	goto	0x2eb
     2ea: ff 2a        	goto	0x2ff
; C:\Users\tsq\MPLABProjects\Analog_PBX\IP_UNIT\config.mcc/main.c:211
;                 if (uart_rx_idx > 0) {
     2eb: 20 00        	movlb	0x0
     2ec: 3d 08        	movf	0x3d, w
     2ed: 03 19        	btfsc	0x3, 0x2
     2ee: f0 2a        	goto	0x2f0
     2ef: f1 2a        	goto	0x2f1
     2f0: 11 2b        	goto	0x311
; C:\Users\tsq\MPLABProjects\Analog_PBX\IP_UNIT\config.mcc/main.c:212
;                     uart_rx_buf[uart_rx_idx] = '\0';
     2f1: 3d 08        	movf	0x3d, w
     2f2: c0 3e        	addlw	0x40, f
     2f3: 86 00        	movwf	0x6
     2f4: 01 30        	movlw	0x1
     2f5: 87 00        	movwf	0x7
     2f6: 81 01        	clrf	0x1
; C:\Users\tsq\MPLABProjects\Analog_PBX\IP_UNIT\config.mcc/main.c:213
;                     ProcessUARTCommand(uart_rx_buf);
     2f7: c0 30        	movlw	0xc0
     2f8: e1 00        	movwf	0x61
     2f9: 83 31        	movlp	0x3
     2fa: ef 23        	call	0x3ef
     2fb: 82 31        	movlp	0x2
; C:\Users\tsq\MPLABProjects\Analog_PBX\IP_UNIT\config.mcc/main.c:214
;                     uart_rx_idx = 0;
     2fc: 20 00        	movlb	0x0
     2fd: bd 01        	clrf	0x3d
     2fe: 11 2b        	goto	0x311
; C:\Users\tsq\MPLABProjects\Analog_PBX\IP_UNIT\config.mcc/main.c:217
;                 if (uart_rx_idx < UART_BUF_SIZE - 1) {
     2ff: 1f 30        	movlw	0x1f
     300: 20 00        	movlb	0x0
     301: 3d 02        	subwf	0x3d, w
     302: 03 18        	btfsc	0x3, 0x0
     303: 05 2b        	goto	0x305
     304: 06 2b        	goto	0x306
     305: 11 2b        	goto	0x311
; C:\Users\tsq\MPLABProjects\Analog_PBX\IP_UNIT\config.mcc/main.c:218
;                     uart_rx_buf[uart_rx_idx++] = c;
     306: 3d 08        	movf	0x3d, w
     307: c0 3e        	addlw	0x40, f
     308: 86 00        	movwf	0x6
     309: 01 30        	movlw	0x1
     30a: 87 00        	movwf	0x7
     30b: 21 00        	movlb	0x1
     30c: 66 08        	movf	0x66, w
     30d: 81 00        	movwf	0x1
     30e: 01 30        	movlw	0x1
     30f: 20 00        	movlb	0x0
     310: bd 07        	addwf	0x3d, f
; C:\Users\tsq\MPLABProjects\Analog_PBX\IP_UNIT\config.mcc/main.c:224
;         ProcessStateMachine();
     311: 80 31        	movlp	0x0
     312: 7b 20        	call	0x7b
     313: 82 31        	movlp	0x2
     314: d1 2a        	goto	0x2d1
     315: 80 31        	movlp	0x0
     316: 3f 28        	goto	0x3f

00000317 <_vfpfcnvrt>:
; __end_of_main():
; c:\PROGRA~1\MICROC~1\xc8\v3.10\pic\sources\c99\common/doprnt.c:1201
;     if ((*fmt)[0] == '%') {
     317: 20 00        	movlb	0x0
     318: 4c 08        	movf	0x4c, w
     319: 86 00        	movwf	0x6
     31a: 87 01        	clrf	0x7
     31b: 40 3f        	moviw	0[FSR1]
     31c: cf 00        	movwf	0x4f
     31d: 41 3f        	moviw	1[FSR1]
     31e: d0 00        	movwf	0x50
     31f: 4f 08        	movf	0x4f, w
     320: 84 00        	movwf	0x4
     321: 50 08        	movf	0x50, w
     322: 85 00        	movwf	0x5
     323: 12 00        	moviw	FSR0++
     324: 25 3a        	xorlw	0x25
     325: 03 1d        	btfss	0x3, 0x2
     326: 28 2b        	goto	0x328
     327: 29 2b        	goto	0x329
     328: d4 2b        	goto	0x3d4
; c:\PROGRA~1\MICROC~1\xc8\v3.10\pic\sources\c99\common/doprnt.c:1202
;         ++*fmt;
     329: 4c 08        	movf	0x4c, w
     32a: 86 00        	movwf	0x6
     32b: 87 01        	clrf	0x7
     32c: 01 30        	movlw	0x1
     32d: 81 07        	addwf	0x1, f
     32e: 41 31        	addfsr	1, 0x1
     32f: 03 18        	btfsc	0x3, 0x0
     330: 81 0a        	incf	0x1, f
; c:\PROGRA~1\MICROC~1\xc8\v3.10\pic\sources\c99\common/doprnt.c:1204
;         flags = width = 0;
     331: a0 01        	clrf	0x20
     332: a1 01        	clrf	0x21
     333: 00 30        	movlw	0x0
     334: b8 00        	movwf	0x38
; c:\PROGRA~1\MICROC~1\xc8\v3.10\pic\sources\c99\common/doprnt.c:1205
;         prec = -1;
     335: ff 30        	movlw	0xff
     336: a2 00        	movwf	0x22
     337: ff 30        	movlw	0xff
     338: a3 00        	movwf	0x23
; c:\PROGRA~1\MICROC~1\xc8\v3.10\pic\sources\c99\common/doprnt.c:1656
; 		done = false;
     339: d3 01        	clrf	0x53
; c:\PROGRA~1\MICROC~1\xc8\v3.10\pic\sources\c99\common/doprnt.c:1657
; 		if ((*fmt)[0] == 's') {
     33a: 4c 08        	movf	0x4c, w
     33b: 86 00        	movwf	0x6
     33c: 87 01        	clrf	0x7
     33d: 40 3f        	moviw	0[FSR1]
     33e: cf 00        	movwf	0x4f
     33f: 41 3f        	moviw	1[FSR1]
     340: d0 00        	movwf	0x50
     341: 4f 08        	movf	0x4f, w
     342: 84 00        	movwf	0x4
     343: 50 08        	movf	0x50, w
     344: 85 00        	movwf	0x5
     345: 12 00        	moviw	FSR0++
     346: 73 3a        	xorlw	0x73
     347: 03 1d        	btfss	0x3, 0x2
     348: 4a 2b        	goto	0x34a
     349: 4b 2b        	goto	0x34b
     34a: 56 2b        	goto	0x356
; c:\PROGRA~1\MICROC~1\xc8\v3.10\pic\sources\c99\common/doprnt.c:1658
; 			++*fmt;
     34b: 4c 08        	movf	0x4c, w
     34c: 86 00        	movwf	0x6
     34d: 87 01        	clrf	0x7
     34e: 01 30        	movlw	0x1
     34f: 81 07        	addwf	0x1, f
     350: 41 31        	addfsr	1, 0x1
     351: 03 18        	btfsc	0x3, 0x0
     352: 81 0a        	incf	0x1, f
; c:\PROGRA~1\MICROC~1\xc8\v3.10\pic\sources\c99\common/doprnt.c:1659
; 			done = true;
     353: 01 30        	movlw	0x1
     354: d3 00        	movwf	0x53
; c:\PROGRA~1\MICROC~1\xc8\v3.10\pic\sources\c99\common/doprnt.c:1660
; 		}
     355: 98 2b        	goto	0x398
; c:\PROGRA~1\MICROC~1\xc8\v3.10\pic\sources\c99\common/doprnt.c:1661
; 		else if ((*fmt)[0] == 'l' && (*fmt)[1] == 'l' && (*fmt)[2] == 's') {
     356: 4c 08        	movf	0x4c, w
     357: 86 00        	movwf	0x6
     358: 87 01        	clrf	0x7
     359: 40 3f        	moviw	0[FSR1]
     35a: cf 00        	movwf	0x4f
     35b: 41 3f        	moviw	1[FSR1]
     35c: d0 00        	movwf	0x50
     35d: 4f 08        	movf	0x4f, w
     35e: 84 00        	movwf	0x4
     35f: 50 08        	movf	0x50, w
     360: 85 00        	movwf	0x5
     361: 12 00        	moviw	FSR0++
     362: 6c 3a        	xorlw	0x6c
     363: 03 1d        	btfss	0x3, 0x2
     364: 66 2b        	goto	0x366
     365: 67 2b        	goto	0x367
     366: 98 2b        	goto	0x398
     367: 4c 08        	movf	0x4c, w
     368: 86 00        	movwf	0x6
     369: 87 01        	clrf	0x7
     36a: 40 3f        	moviw	0[FSR1]
     36b: cf 00        	movwf	0x4f
     36c: 41 3f        	moviw	1[FSR1]
     36d: d0 00        	movwf	0x50
     36e: 01 30        	movlw	0x1
     36f: 4f 07        	addwf	0x4f, w
     370: 84 00        	movwf	0x4
     371: 50 08        	movf	0x50, w
     372: 03 18        	btfsc	0x3, 0x0
     373: 01 3e        	addlw	0x1, w
     374: 85 00        	movwf	0x5
     375: 12 00        	moviw	FSR0++
     376: 6c 3a        	xorlw	0x6c
     377: 03 1d        	btfss	0x3, 0x2
     378: 7a 2b        	goto	0x37a
     379: 7b 2b        	goto	0x37b
     37a: 98 2b        	goto	0x398
     37b: 4c 08        	movf	0x4c, w
     37c: 86 00        	movwf	0x6
     37d: 87 01        	clrf	0x7
     37e: 40 3f        	moviw	0[FSR1]
     37f: cf 00        	movwf	0x4f
     380: 41 3f        	moviw	1[FSR1]
     381: d0 00        	movwf	0x50
     382: 02 30        	movlw	0x2
     383: 4f 07        	addwf	0x4f, w
     384: 84 00        	movwf	0x4
     385: 50 08        	movf	0x50, w
     386: 03 18        	btfsc	0x3, 0x0
     387: 01 3e        	addlw	0x1, w
     388: 85 00        	movwf	0x5
     389: 12 00        	moviw	FSR0++
     38a: 73 3a        	xorlw	0x73
     38b: 03 1d        	btfss	0x3, 0x2
     38c: 8e 2b        	goto	0x38e
     38d: 8f 2b        	goto	0x38f
     38e: 98 2b        	goto	0x398
; c:\PROGRA~1\MICROC~1\xc8\v3.10\pic\sources\c99\common/doprnt.c:1662
; 			*fmt += 3;
     38f: 4c 08        	movf	0x4c, w
     390: 86 00        	movwf	0x6
     391: 87 01        	clrf	0x7
     392: 03 30        	movlw	0x3
     393: 81 07        	addwf	0x1, f
     394: 41 31        	addfsr	1, 0x1
     395: 03 18        	btfsc	0x3, 0x0
     396: 81 0a        	incf	0x1, f
     397: 53 2b        	goto	0x353
; c:\PROGRA~1\MICROC~1\xc8\v3.10\pic\sources\c99\common/doprnt.c:1665
; 		if (done) {
     398: 53 08        	movf	0x53, w
     399: 03 19        	btfsc	0x3, 0x2
     39a: 9c 2b        	goto	0x39c
     39b: 9d 2b        	goto	0x39d
     39c: ca 2b        	goto	0x3ca
; c:\PROGRA~1\MICROC~1\xc8\v3.10\pic\sources\c99\common/doprnt.c:1669
; 			for (char * cp = va_arg(ap, char *); *cp != '\0'; cp++) {
     39d: 4d 08        	movf	0x4d, w
     39e: 86 00        	movwf	0x6
     39f: 4e 08        	movf	0x4e, w
     3a0: 87 00        	movwf	0x7
     3a1: 01 08        	movf	0x1, w
     3a2: 84 00        	movwf	0x4
     3a3: 85 01        	clrf	0x5
     3a4: 02 30        	movlw	0x2
     3a5: 81 07        	addwf	0x1, f
     3a6: 00 3f        	moviw	0[FSR0]
     3a7: cf 00        	movwf	0x4f
     3a8: 01 3f        	moviw	1[FSR0]
     3a9: d0 00        	movwf	0x50
     3aa: 4f 08        	movf	0x4f, w
     3ab: d4 00        	movwf	0x54
     3ac: c1 2b        	goto	0x3c1
; c:\PROGRA~1\MICROC~1\xc8\v3.10\pic\sources\c99\common/doprnt.c:1670
; 				fputc(*cp, fp);
     3ad: 54 08        	movf	0x54, w
     3ae: 86 00        	movwf	0x6
     3af: 87 01        	clrf	0x7
     3b0: 01 08        	movf	0x1, w
     3b1: cf 00        	movwf	0x4f
     3b2: d0 01        	clrf	0x50
     3b3: 4f 08        	movf	0x4f, w
     3b4: f5 00        	movwf	0x75
     3b5: 50 08        	movf	0x50, w
     3b6: f6 00        	movwf	0x76
     3b7: 4b 08        	movf	0x4b, w
     3b8: f8 00        	movwf	0x78
     3b9: 4a 08        	movf	0x4a, w
     3ba: f7 00        	movwf	0x77
     3bb: 84 31        	movlp	0x4
     3bc: dd 24        	call	0x4dd
     3bd: 83 31        	movlp	0x3
; c:\PROGRA~1\MICROC~1\xc8\v3.10\pic\sources\c99\common/doprnt.c:1674
; 			}
     3be: 01 30        	movlw	0x1
     3bf: 20 00        	movlb	0x0
     3c0: d4 07        	addwf	0x54, f
     3c1: 54 08        	movf	0x54, w
     3c2: 86 00        	movwf	0x6
     3c3: 87 01        	clrf	0x7
     3c4: 01 08        	movf	0x1, w
     3c5: 03 1d        	btfss	0x3, 0x2
     3c6: c8 2b        	goto	0x3c8
     3c7: c9 2b        	goto	0x3c9
     3c8: ad 2b        	goto	0x3ad
     3c9: ee 2b        	goto	0x3ee
; c:\PROGRA~1\MICROC~1\xc8\v3.10\pic\sources\c99\common/doprnt.c:1806
;         ++*fmt;
     3ca: 20 00        	movlb	0x0
     3cb: 4c 08        	movf	0x4c, w
     3cc: 86 00        	movwf	0x6
     3cd: 87 01        	clrf	0x7
     3ce: 01 30        	movlw	0x1
     3cf: 81 07        	addwf	0x1, f
     3d0: 41 31        	addfsr	1, 0x1
     3d1: 03 18        	btfsc	0x3, 0x0
     3d2: 81 0a        	incf	0x1, f
     3d3: ee 2b        	goto	0x3ee
; c:\PROGRA~1\MICROC~1\xc8\v3.10\pic\sources\c99\common/doprnt.c:1811
;     fputc((int)(*fmt)[0], fp);
     3d4: 4c 08        	movf	0x4c, w
     3d5: 86 00        	movwf	0x6
     3d6: 87 01        	clrf	0x7
     3d7: 40 3f        	moviw	0[FSR1]
     3d8: cf 00        	movwf	0x4f
     3d9: 41 3f        	moviw	1[FSR1]
     3da: d0 00        	movwf	0x50
     3db: 4f 08        	movf	0x4f, w
     3dc: 84 00        	movwf	0x4
     3dd: 50 08        	movf	0x50, w
     3de: 85 00        	movwf	0x5
     3df: 00 08        	movf	0x0, w
     3e0: d1 00        	movwf	0x51
     3e1: d2 01        	clrf	0x52
     3e2: 51 08        	movf	0x51, w
     3e3: f5 00        	movwf	0x75
     3e4: 52 08        	movf	0x52, w
     3e5: f6 00        	movwf	0x76
     3e6: 4b 08        	movf	0x4b, w
     3e7: f8 00        	movwf	0x78
     3e8: 4a 08        	movf	0x4a, w
     3e9: f7 00        	movwf	0x77
     3ea: 84 31        	movlp	0x4
     3eb: dd 24        	call	0x4dd
     3ec: 83 31        	movlp	0x3
     3ed: ca 2b        	goto	0x3ca
; c:\PROGRA~1\MICROC~1\xc8\v3.10\pic\sources\c99\common/doprnt.c:1814
; }
     3ee: 08 00        	return

000003ef <__ptext12>:
; __ptext12():
; C:\Users\tsq\MPLABProjects\Analog_PBX\IP_UNIT\config.mcc/main.c:378
;     if (strcmp(cmd, "PING") == 0) {
     3ef: 20 00        	movlb	0x0
     3f0: 61 08        	movf	0x61, w
     3f1: f2 00        	movwf	0x72
     3f2: 26 30        	movlw	0x26
     3f3: f3 00        	movwf	0x73
     3f4: 90 30        	movlw	0x90
     3f5: f4 00        	movwf	0x74
     3f6: 86 31        	movlp	0x6
     3f7: 7d 26        	call	0x67d
     3f8: 83 31        	movlp	0x3
     3f9: 72 08        	movf	0x72, w
     3fa: 73 04        	iorwf	0x73, w
     3fb: 03 1d        	btfss	0x3, 0x2
     3fc: fe 2b        	goto	0x3fe
     3fd: ff 2b        	goto	0x3ff
     3fe: 0e 2c        	goto	0x40e
; C:\Users\tsq\MPLABProjects\Analog_PBX\IP_UNIT\config.mcc/main.c:379
;         sbc_link_timer = 15000; // タイマーを15秒にリセット
     3ff: 98 30        	movlw	0x98
     400: 20 00        	movlb	0x0
     401: b0 00        	movwf	0x30
     402: 3a 30        	movlw	0x3a
     403: b1 00        	movwf	0x31
; C:\Users\tsq\MPLABProjects\Analog_PBX\IP_UNIT\config.mcc/main.c:380
;         is_link_up = true;
     404: 01 30        	movlw	0x1
     405: c3 00        	movwf	0x43
; C:\Users\tsq\MPLABProjects\Analog_PBX\IP_UNIT\config.mcc/main.c:381
;         printf("PONG\r\n");     // PONGを即座に返す
     406: 13 30        	movlw	0x13
     407: dc 00        	movwf	0x5c
     408: 90 30        	movlw	0x90
     409: dd 00        	movwf	0x5d
     40a: 87 31        	movlp	0x7
     40b: b3 27        	call	0x7b3
     40c: 83 31        	movlp	0x3
     40d: 7d 2c        	goto	0x47d
; C:\Users\tsq\MPLABProjects\Analog_PBX\IP_UNIT\config.mcc/main.c:385
;     if (strncmp(cmd, "RING ", 5) == 0) {
     40e: 20 00        	movlb	0x0
     40f: 61 08        	movf	0x61, w
     410: f2 00        	movwf	0x72
     411: 20 30        	movlw	0x20
     412: f3 00        	movwf	0x73
     413: 90 30        	movlw	0x90
     414: f4 00        	movwf	0x74
     415: 05 30        	movlw	0x5
     416: f5 00        	movwf	0x75
     417: 00 30        	movlw	0x0
     418: f6 00        	movwf	0x76
     419: 85 31        	movlp	0x5
     41a: 8c 25        	call	0x58c
     41b: 83 31        	movlp	0x3
     41c: 72 08        	movf	0x72, w
     41d: 73 04        	iorwf	0x73, w
     41e: 03 1d        	btfss	0x3, 0x2
     41f: 21 2c        	goto	0x421
     420: 22 2c        	goto	0x422
     421: 3e 2c        	goto	0x43e
; C:\Users\tsq\MPLABProjects\Analog_PBX\IP_UNIT\config.mcc/main.c:386
;         if (current_state == STATE_IDLE) {
     422: 20 00        	movlb	0x0
     423: 44 08        	movf	0x44, w
     424: 03 1d        	btfss	0x3, 0x2
     425: 27 2c        	goto	0x427
     426: 28 2c        	goto	0x428
     427: 7d 2c        	goto	0x47d
; C:\Users\tsq\MPLABProjects\Analog_PBX\IP_UNIT\config.mcc/main.c:387
;             strncpy(tx_number, cmd + 5, sizeof(tx_number) - 1);
     428: c0 30        	movlw	0xc0
     429: f2 00        	movwf	0x72
     42a: 61 08        	movf	0x61, w
     42b: 05 3e        	addlw	0x5, w
     42c: f3 00        	movwf	0x73
     42d: 0f 30        	movlw	0xf
     42e: f4 00        	movwf	0x74
     42f: 00 30        	movlw	0x0
     430: f5 00        	movwf	0x75
     431: 86 31        	movlp	0x6
     432: 1a 26        	call	0x61a
     433: 83 31        	movlp	0x3
; C:\Users\tsq\MPLABProjects\Analog_PBX\IP_UNIT\config.mcc/main.c:388
;             HO_OUT_SetHigh(); // オフフック
     434: 22 00        	movlb	0x2
     435: 8e 14        	bsf	0xe, 0x1
; C:\Users\tsq\MPLABProjects\Analog_PBX\IP_UNIT\config.mcc/main.c:389
;             state_timer = 600; // PBXがダイヤルトーンを出すまでの猶予時間
     436: 58 30        	movlw	0x58
     437: 20 00        	movlb	0x0
     438: b6 00        	movwf	0x36
     439: 02 30        	movlw	0x2
     43a: b7 00        	movwf	0x37
; C:\Users\tsq\MPLABProjects\Analog_PBX\IP_UNIT\config.mcc/main.c:390
;             current_state = STATE_TX_PULSE_SETUP;
     43b: 03 30        	movlw	0x3
     43c: c4 00        	movwf	0x44
     43d: 7d 2c        	goto	0x47d
; C:\Users\tsq\MPLABProjects\Analog_PBX\IP_UNIT\config.mcc/main.c:393
;     else if (strcmp(cmd, "ANS") == 0) {
     43e: 20 00        	movlb	0x0
     43f: 61 08        	movf	0x61, w
     440: f2 00        	movwf	0x72
     441: 30 30        	movlw	0x30
     442: f3 00        	movwf	0x73
     443: 90 30        	movlw	0x90
     444: f4 00        	movwf	0x74
     445: 86 31        	movlp	0x6
     446: 7d 26        	call	0x67d
     447: 83 31        	movlp	0x3
     448: 72 08        	movf	0x72, w
     449: 73 04        	iorwf	0x73, w
     44a: 03 1d        	btfss	0x3, 0x2
     44b: 4d 2c        	goto	0x44d
     44c: 4e 2c        	goto	0x44e
     44d: 5b 2c        	goto	0x45b
; C:\Users\tsq\MPLABProjects\Analog_PBX\IP_UNIT\config.mcc/main.c:394
;         if (current_state == STATE_WAIT_IP_ANS) {
     44e: 02 30        	movlw	0x2
     44f: 20 00        	movlb	0x0
     450: 44 06        	xorwf	0x44, w
     451: 03 1d        	btfss	0x3, 0x2
     452: 54 2c        	goto	0x454
     453: 55 2c        	goto	0x455
     454: 7d 2c        	goto	0x47d
; C:\Users\tsq\MPLABProjects\Analog_PBX\IP_UNIT\config.mcc/main.c:395
;             HO_OUT_SetHigh(); // オフフックして通話を確立
     455: 22 00        	movlb	0x2
     456: 8e 14        	bsf	0xe, 0x1
; C:\Users\tsq\MPLABProjects\Analog_PBX\IP_UNIT\config.mcc/main.c:396
;             current_state = STATE_TALKING;
     457: 05 30        	movlw	0x5
     458: 20 00        	movlb	0x0
     459: c4 00        	movwf	0x44
     45a: 7d 2c        	goto	0x47d
; C:\Users\tsq\MPLABProjects\Analog_PBX\IP_UNIT\config.mcc/main.c:399
;     else if (strcmp(cmd, "DROP") == 0) {
     45b: 20 00        	movlb	0x0
     45c: 61 08        	movf	0x61, w
     45d: f2 00        	movwf	0x72
     45e: 2b 30        	movlw	0x2b
     45f: f3 00        	movwf	0x73
     460: 90 30        	movlw	0x90
     461: f4 00        	movwf	0x74
     462: 86 31        	movlp	0x6
     463: 7d 26        	call	0x67d
     464: 83 31        	movlp	0x3
     465: 72 08        	movf	0x72, w
     466: 73 04        	iorwf	0x73, w
     467: 03 1d        	btfss	0x3, 0x2
     468: 6a 2c        	goto	0x46a
     469: 6b 2c        	goto	0x46b
     46a: 7d 2c        	goto	0x47d
; C:\Users\tsq\MPLABProjects\Analog_PBX\IP_UNIT\config.mcc/main.c:401
;         HO_OUT_SetHigh();
     46b: 22 00        	movlb	0x2
     46c: 8e 14        	bsf	0xe, 0x1
; C:\Users\tsq\MPLABProjects\Analog_PBX\IP_UNIT\config.mcc/main.c:402
;         __delay_ms(100);
     46d: 05 30        	movlw	0x5
     46e: 20 00        	movlb	0x0
     46f: e3 00        	movwf	0x63
     470: 0f 30        	movlw	0xf
     471: e2 00        	movwf	0x62
     472: f1 30        	movlw	0xf1
     473: 89 0b        	decfsz	0x9, f
     474: 73 2c        	goto	0x473
     475: e2 0b        	decfsz	0x62, f
     476: 73 2c        	goto	0x473
     477: e3 0b        	decfsz	0x63, f
     478: 73 2c        	goto	0x473
; C:\Users\tsq\MPLABProjects\Analog_PBX\IP_UNIT\config.mcc/main.c:403
;         HO_OUT_SetLow(); // オンフック(切断)
     479: 22 00        	movlb	0x2
     47a: 8e 10        	bcf	0xe, 0x1
; C:\Users\tsq\MPLABProjects\Analog_PBX\IP_UNIT\config.mcc/main.c:404
;         current_state = STATE_IDLE;
     47b: 20 00        	movlb	0x0
     47c: c4 01        	clrf	0x44
; C:\Users\tsq\MPLABProjects\Analog_PBX\IP_UNIT\config.mcc/main.c:406
; }
     47d: 08 00        	return

0000047e <__ptext30>:
; __ptext30():
; C:\Users\tsq\MPLABProjects\Analog_PBX\IP_UNIT\config.mcc/main.c:127
;     if (state_timer > 0) state_timer--;
     47e: 20 00        	movlb	0x0
     47f: 36 08        	movf	0x36, w
     480: 37 04        	iorwf	0x37, w
     481: 03 19        	btfsc	0x3, 0x2
     482: 84 2c        	goto	0x484
     483: 85 2c        	goto	0x485
     484: 89 2c        	goto	0x489
     485: 01 30        	movlw	0x1
     486: b6 02        	subwf	0x36, f
     487: 00 30        	movlw	0x0
     488: b7 3b        	<unknown>
; C:\Users\tsq\MPLABProjects\Analog_PBX\IP_UNIT\config.mcc/main.c:128
;     if (pulse_timeout > 0) pulse_timeout--;
     489: 34 08        	movf	0x34, w
     48a: 35 04        	iorwf	0x35, w
     48b: 03 19        	btfsc	0x3, 0x2
     48c: 8e 2c        	goto	0x48e
     48d: 8f 2c        	goto	0x48f
     48e: 93 2c        	goto	0x493
     48f: 01 30        	movlw	0x1
     490: b4 02        	subwf	0x34, f
     491: 00 30        	movlw	0x0
     492: b5 3b        	<unknown>
; C:\Users\tsq\MPLABProjects\Analog_PBX\IP_UNIT\config.mcc/main.c:131
;     if (sbc_link_timer > 0) {
     493: 30 08        	movf	0x30, w
     494: 31 04        	iorwf	0x31, w
     495: 03 19        	btfsc	0x3, 0x2
     496: 98 2c        	goto	0x498
     497: 99 2c        	goto	0x499
     498: a4 2c        	goto	0x4a4
; C:\Users\tsq\MPLABProjects\Analog_PBX\IP_UNIT\config.mcc/main.c:132
;         sbc_link_timer--;
     499: 01 30        	movlw	0x1
     49a: b0 02        	subwf	0x30, f
     49b: 00 30        	movlw	0x0
     49c: b1 3b        	<unknown>
; C:\Users\tsq\MPLABProjects\Analog_PBX\IP_UNIT\config.mcc/main.c:133
;         if (sbc_link_timer == 0) {
     49d: 30 08        	movf	0x30, w
     49e: 31 04        	iorwf	0x31, w
     49f: 03 1d        	btfss	0x3, 0x2
     4a0: a2 2c        	goto	0x4a2
     4a1: a3 2c        	goto	0x4a3
     4a2: a4 2c        	goto	0x4a4
; C:\Users\tsq\MPLABProjects\Analog_PBX\IP_UNIT\config.mcc/main.c:134
;             is_link_up = false; // 15秒間PINGが来なければリンクダウン
     4a3: c3 01        	clrf	0x43
; C:\Users\tsq\MPLABProjects\Analog_PBX\IP_UNIT\config.mcc/main.c:139
;     if(!is_link_up){
     4a4: 43 08        	movf	0x43, w
     4a5: 03 1d        	btfss	0x3, 0x2
     4a6: a8 2c        	goto	0x4a8
     4a7: a9 2c        	goto	0x4a9
     4a8: c4 2c        	goto	0x4c4
; C:\Users\tsq\MPLABProjects\Analog_PBX\IP_UNIT\config.mcc/main.c:140
;         led_blink_timer--;
     4a9: 01 30        	movlw	0x1
     4aa: e9 02        	subwf	0x69, f
     4ab: 00 30        	movlw	0x0
     4ac: ea 3b        	<unknown>
; C:\Users\tsq\MPLABProjects\Analog_PBX\IP_UNIT\config.mcc/main.c:141
;         if(led_blink_timer == 0){
     4ad: 69 08        	movf	0x69, w
     4ae: 6a 04        	iorwf	0x6a, w
     4af: 03 1d        	btfss	0x3, 0x2
     4b0: b2 2c        	goto	0x4b2
     4b1: b3 2c        	goto	0x4b3
     4b2: c4 2c        	goto	0x4c4
; C:\Users\tsq\MPLABProjects\Analog_PBX\IP_UNIT\config.mcc/main.c:142
;             LED3_Toggle();
     4b3: 03 10        	bcf	0x3, 0x0
     4b4: 22 00        	movlb	0x2
     4b5: 8e 1e        	btfss	0xe, 0x5
     4b6: 03 14        	bsf	0x3, 0x0
     4b7: 03 18        	btfsc	0x3, 0x0
     4b8: ba 2c        	goto	0x4ba
     4b9: bd 2c        	goto	0x4bd
     4ba: 22 00        	movlb	0x2
     4bb: 8e 16        	bsf	0xe, 0x5
     4bc: bf 2c        	goto	0x4bf
     4bd: 22 00        	movlb	0x2
     4be: 8e 12        	bcf	0xe, 0x5
; C:\Users\tsq\MPLABProjects\Analog_PBX\IP_UNIT\config.mcc/main.c:143
;             led_blink_timer = 500;
     4bf: f4 30        	movlw	0xf4
     4c0: 20 00        	movlb	0x0
     4c1: e9 00        	movwf	0x69
     4c2: 01 30        	movlw	0x1
     4c3: ea 00        	movwf	0x6a
; C:\Users\tsq\MPLABProjects\Analog_PBX\IP_UNIT\config.mcc/main.c:149
;     if (T1_IN_GetValue() == 0 && T2_IN_GetValue() == 1) {
     4c4: 0c 19        	btfsc	0xc, 0x2
     4c5: c7 2c        	goto	0x4c7
     4c6: c8 2c        	goto	0x4c8
     4c7: da 2c        	goto	0x4da
     4c8: 0e 1c        	btfss	0xe, 0x0
     4c9: cb 2c        	goto	0x4cb
     4ca: cc 2c        	goto	0x4cc
     4cb: da 2c        	goto	0x4da
; C:\Users\tsq\MPLABProjects\Analog_PBX\IP_UNIT\config.mcc/main.c:150
;         if (pbx_busy_timer < 65000) pbx_busy_timer++;
     4cc: fd 30        	movlw	0xfd
     4cd: 33 02        	subwf	0x33, w
     4ce: e8 30        	movlw	0xe8
     4cf: 03 19        	btfsc	0x3, 0x2
     4d0: 32 02        	subwf	0x32, w
     4d1: 03 18        	btfsc	0x3, 0x0
     4d2: d4 2c        	goto	0x4d4
     4d3: d5 2c        	goto	0x4d5
     4d4: dc 2c        	goto	0x4dc
     4d5: 01 30        	movlw	0x1
     4d6: b2 07        	addwf	0x32, f
     4d7: 00 30        	movlw	0x0
     4d8: b3 3d        	addwfc	0x33, f
     4d9: dc 2c        	goto	0x4dc
; C:\Users\tsq\MPLABProjects\Analog_PBX\IP_UNIT\config.mcc/main.c:152
;         pbx_busy_timer = 0;
     4da: b2 01        	clrf	0x32
     4db: b3 01        	clrf	0x33
; C:\Users\tsq\MPLABProjects\Analog_PBX\IP_UNIT\config.mcc/main.c:154
; }
     4dc: 08 00        	return

000004dd <_fputc>:
; _fputc():
; c:\PROGRA~1\MICROC~1\xc8\v3.10\pic\sources\c99\common/nf_fputc.c:12
;     if ((fp == stdout) || (fp == stderr)) {
     4dd: 77 08        	movf	0x77, w
     4de: 78 04        	iorwf	0x78, w
     4df: 03 19        	btfsc	0x3, 0x2
     4e0: e2 2c        	goto	0x4e2
     4e1: e3 2c        	goto	0x4e3
     4e2: e9 2c        	goto	0x4e9
     4e3: 77 08        	movf	0x77, w
     4e4: 78 04        	iorwf	0x78, w
     4e5: 03 1d        	btfss	0x3, 0x2
     4e6: e8 2c        	goto	0x4e8
     4e7: e9 2c        	goto	0x4e9
     4e8: ee 2c        	goto	0x4ee
; c:\PROGRA~1\MICROC~1\xc8\v3.10\pic\sources\c99\common/nf_fputc.c:13
;         putch((char)c);
     4e9: 75 08        	movf	0x75, w
     4ea: 87 31        	movlp	0x7
     4eb: e1 27        	call	0x7e1
     4ec: 84 31        	movlp	0x4
; c:\PROGRA~1\MICROC~1\xc8\v3.10\pic\sources\c99\common/nf_fputc.c:14
;     } else {
     4ed: 3a 2d        	goto	0x53a
; c:\PROGRA~1\MICROC~1\xc8\v3.10\pic\sources\c99\common/nf_fputc.c:15
; 		if((fp->limit == 0) || (fp->count < fp->limit)) {
     4ee: 77 08        	movf	0x77, w
     4ef: 86 00        	movwf	0x6
     4f0: 78 08        	movf	0x78, w
     4f1: 87 00        	movwf	0x7
     4f2: 49 31        	addfsr	1, 0x9
     4f3: 16 00        	moviw	FSR1++
     4f4: 01 04        	iorwf	0x1, w
     4f5: 03 19        	btfsc	0x3, 0x2
     4f6: f8 2c        	goto	0x4f8
     4f7: f9 2c        	goto	0x4f9
     4f8: 1a 2d        	goto	0x51a
     4f9: 77 08        	movf	0x77, w
     4fa: 86 00        	movwf	0x6
     4fb: 78 08        	movf	0x78, w
     4fc: 87 00        	movwf	0x7
     4fd: 49 31        	addfsr	1, 0x9
     4fe: 40 3f        	moviw	0[FSR1]
     4ff: 20 00        	movlb	0x0
     500: c5 00        	movwf	0x45
     501: 41 3f        	moviw	1[FSR1]
     502: c6 00        	movwf	0x46
     503: 77 08        	movf	0x77, w
     504: 86 00        	movwf	0x6
     505: 78 08        	movf	0x78, w
     506: 87 00        	movwf	0x7
     507: 42 31        	addfsr	1, 0x2
     508: 40 3f        	moviw	0[FSR1]
     509: c7 00        	movwf	0x47
     50a: 41 3f        	moviw	1[FSR1]
     50b: c8 00        	movwf	0x48
     50c: 48 08        	movf	0x48, w
     50d: 80 3a        	xorlw	0x80
     50e: c9 00        	movwf	0x49
     50f: 46 08        	movf	0x46, w
     510: 80 3a        	xorlw	0x80
     511: 49 02        	subwf	0x49, w
     512: 03 1d        	btfss	0x3, 0x2
     513: 16 2d        	goto	0x516
     514: 45 08        	movf	0x45, w
     515: 47 02        	subwf	0x47, w
     516: 03 18        	btfsc	0x3, 0x0
     517: 19 2d        	goto	0x519
     518: 1a 2d        	goto	0x51a
     519: 3a 2d        	goto	0x53a
; c:\PROGRA~1\MICROC~1\xc8\v3.10\pic\sources\c99\common/nf_fputc.c:18
; 			fp->buffer[fp->count] = (char)c;
     51a: 77 08        	movf	0x77, w
     51b: 86 00        	movwf	0x6
     51c: 78 08        	movf	0x78, w
     51d: 87 00        	movwf	0x7
     51e: 42 31        	addfsr	1, 0x2
     51f: 77 08        	movf	0x77, w
     520: 84 00        	movwf	0x4
     521: 78 08        	movf	0x78, w
     522: 85 00        	movwf	0x5
     523: 00 3f        	moviw	0[FSR0]
     524: 20 00        	movlb	0x0
     525: c5 00        	movwf	0x45
     526: 01 3f        	moviw	1[FSR0]
     527: c6 00        	movwf	0x46
     528: 40 3f        	moviw	0[FSR1]
     529: 45 07        	addwf	0x45, w
     52a: 84 00        	movwf	0x4
     52b: 41 3f        	moviw	1[FSR1]
     52c: 46 3d        	addwfc	0x46, w
     52d: 85 00        	movwf	0x5
     52e: 75 08        	movf	0x75, w
     52f: 80 00        	movwf	0x0
; c:\PROGRA~1\MICROC~1\xc8\v3.10\pic\sources\c99\common/nf_fputc.c:20
; 			++fp->count;
     530: 77 08        	movf	0x77, w
     531: 86 00        	movwf	0x6
     532: 78 08        	movf	0x78, w
     533: 87 00        	movwf	0x7
     534: 42 31        	addfsr	1, 0x2
     535: 01 30        	movlw	0x1
     536: 81 07        	addwf	0x1, f
     537: 41 31        	addfsr	1, 0x1
     538: 03 18        	btfsc	0x3, 0x0
     539: 81 0a        	incf	0x1, f
; c:\PROGRA~1\MICROC~1\xc8\v3.10\pic\sources\c99\common/nf_fputc.c:24
; }
     53a: 08 00        	return

0000053b <__ptext33>:
; __end_of_fputc():
; C:\Users\tsq\MPLABProjects\Analog_PBX\IP_UNIT\config.mcc\mcc_generated_files\uart\src/eusart.c:283
;     eusartRxStatusBuffer[eusartRxHead].status = 0;
     53b: 7b 35        	lslf	0x7b, w
     53c: 20 3e        	addlw	0x20, w
     53d: 86 00        	movwf	0x6
     53e: 01 30        	movlw	0x1
     53f: 87 00        	movwf	0x7
     540: 00 30        	movlw	0x0
     541: c0 3f        	movwi	0[FSR1]
     542: c1 3f        	movwi	1[FSR1]
; C:\Users\tsq\MPLABProjects\Analog_PBX\IP_UNIT\config.mcc\mcc_generated_files\uart\src/eusart.c:285
;     if(true == RC1STAbits.OERR)
     543: 23 00        	movlb	0x3
     544: 9d 1c        	btfss	0x1d, 0x1
     545: 47 2d        	goto	0x547
     546: 48 2d        	goto	0x548
     547: 5a 2d        	goto	0x55a
; C:\Users\tsq\MPLABProjects\Analog_PBX\IP_UNIT\config.mcc\mcc_generated_files\uart\src/eusart.c:287
;         eusartRxStatusBuffer[eusartRxHead].oerr = 1;
     548: 7b 35        	lslf	0x7b, w
     549: 20 3e        	addlw	0x20, w
     54a: 86 00        	movwf	0x6
     54b: 01 30        	movlw	0x1
     54c: 87 00        	movwf	0x7
     54d: 01 15        	bsf	0x1, 0x2
; C:\Users\tsq\MPLABProjects\Analog_PBX\IP_UNIT\config.mcc\mcc_generated_files\uart\src/eusart.c:288
;         if(NULL != EUSART_OverrunErrorHandler)
     54e: 20 00        	movlb	0x0
     54f: 24 08        	movf	0x24, w
     550: 25 04        	iorwf	0x25, w
     551: 03 19        	btfsc	0x3, 0x2
     552: 54 2d        	goto	0x554
     553: 55 2d        	goto	0x555
     554: 5a 2d        	goto	0x55a
; C:\Users\tsq\MPLABProjects\Analog_PBX\IP_UNIT\config.mcc\mcc_generated_files\uart\src/eusart.c:290
;             EUSART_OverrunErrorHandler();
     555: 25 08        	movf	0x25, w
     556: 8a 00        	movwf	0xa
     557: 24 08        	movf	0x24, w
     558: 0a 00        	callw
     559: 85 31        	movlp	0x5
; C:\Users\tsq\MPLABProjects\Analog_PBX\IP_UNIT\config.mcc\mcc_generated_files\uart\src/eusart.c:293
;     if(true == RC1STAbits.FERR)
     55a: 23 00        	movlb	0x3
     55b: 1d 1d        	btfss	0x1d, 0x2
     55c: 5e 2d        	goto	0x55e
     55d: 5f 2d        	goto	0x55f
     55e: 71 2d        	goto	0x571
; C:\Users\tsq\MPLABProjects\Analog_PBX\IP_UNIT\config.mcc\mcc_generated_files\uart\src/eusart.c:295
;         eusartRxStatusBuffer[eusartRxHead].ferr = 1;
     55f: 7b 35        	lslf	0x7b, w
     560: 20 3e        	addlw	0x20, w
     561: 86 00        	movwf	0x6
     562: 01 30        	movlw	0x1
     563: 87 00        	movwf	0x7
     564: 81 14        	bsf	0x1, 0x1
; C:\Users\tsq\MPLABProjects\Analog_PBX\IP_UNIT\config.mcc\mcc_generated_files\uart\src/eusart.c:296
;         if(NULL != EUSART_FramingErrorHandler)
     565: 20 00        	movlb	0x0
     566: 26 08        	movf	0x26, w
     567: 27 04        	iorwf	0x27, w
     568: 03 19        	btfsc	0x3, 0x2
     569: 6b 2d        	goto	0x56b
     56a: 6c 2d        	goto	0x56c
     56b: 71 2d        	goto	0x571
; C:\Users\tsq\MPLABProjects\Analog_PBX\IP_UNIT\config.mcc\mcc_generated_files\uart\src/eusart.c:298
;             EUSART_FramingErrorHandler();
     56c: 27 08        	movf	0x27, w
     56d: 8a 00        	movwf	0xa
     56e: 26 08        	movf	0x26, w
     56f: 0a 00        	callw
     570: 85 31        	movlp	0x5
; C:\Users\tsq\MPLABProjects\Analog_PBX\IP_UNIT\config.mcc\mcc_generated_files\uart\src/eusart.c:302
;     regValue = RC1REG;
     571: 23 00        	movlb	0x3
     572: 19 08        	movf	0x19, w
     573: f0 00        	movwf	0x70
; C:\Users\tsq\MPLABProjects\Analog_PBX\IP_UNIT\config.mcc\mcc_generated_files\uart\src/eusart.c:304
;     tempRxHead = (eusartRxHead + 1U) & EUSART_RX_BUFFER_MASK;// Buffer size of RX should be in the 2^n
     574: 7b 08        	movf	0x7b, w
     575: 01 3e        	addlw	0x1, w
     576: 1f 39        	andlw	0x1f
     577: f1 00        	movwf	0x71
; C:\Users\tsq\MPLABProjects\Analog_PBX\IP_UNIT\config.mcc\mcc_generated_files\uart\src/eusart.c:305
;     if (tempRxHead == eusartRxTail) 
     578: 71 08        	movf	0x71, w
     579: 7a 06        	xorwf	0x7a, w
     57a: 03 1d        	btfss	0x3, 0x2
     57b: 7d 2d        	goto	0x57d
     57c: 7e 2d        	goto	0x57e
     57d: 7f 2d        	goto	0x57f
     57e: 8b 2d        	goto	0x58b
; C:\Users\tsq\MPLABProjects\Analog_PBX\IP_UNIT\config.mcc\mcc_generated_files\uart\src/eusart.c:311
;         eusartRxBuffer[eusartRxHead] = regValue;
     57f: 7b 08        	movf	0x7b, w
     580: a0 3e        	addlw	0x20, f
     581: 86 00        	movwf	0x6
     582: 01 30        	movlw	0x1
     583: 87 00        	movwf	0x7
     584: 70 08        	movf	0x70, w
     585: 81 00        	movwf	0x1
; C:\Users\tsq\MPLABProjects\Analog_PBX\IP_UNIT\config.mcc\mcc_generated_files\uart\src/eusart.c:312
; 		eusartRxHead = tempRxHead;
     586: 71 08        	movf	0x71, w
     587: fb 00        	movwf	0x7b
; C:\Users\tsq\MPLABProjects\Analog_PBX\IP_UNIT\config.mcc\mcc_generated_files\uart\src/eusart.c:313
; 		eusartRxCount++;
     588: 01 30        	movlw	0x1
     589: 20 00        	movlb	0x0
     58a: b9 07        	addwf	0x39, f
; C:\Users\tsq\MPLABProjects\Analog_PBX\IP_UNIT\config.mcc\mcc_generated_files\uart\src/eusart.c:320
; }
     58b: 08 00        	return

0000058c <_strncmp>:
; _strncmp():
; c:\PROGRA~1\MICROC~1\xc8\v3.10\pic\sources\c99\common/strncmp.c:5
; 	if (!n--) return 0;
     58c: 01 30        	movlw	0x1
     58d: f5 02        	subwf	0x75, f
     58e: 00 30        	movlw	0x0
     58f: f6 3b        	<unknown>
     590: 75 0a        	incf	0x75, w
     591: 03 1d        	btfss	0x3, 0x2
     592: 97 2d        	goto	0x597
     593: 76 0a        	incf	0x76, w
     594: 03 1d        	btfss	0x3, 0x2
     595: 97 2d        	goto	0x597
     596: 98 2d        	goto	0x598
     597: a5 2d        	goto	0x5a5
     598: f2 01        	clrf	0x72
     599: f3 01        	clrf	0x73
     59a: db 2d        	goto	0x5db
; c:\PROGRA~1\MICROC~1\xc8\v3.10\pic\sources\c99\common/strncmp.c:6
; 	for (; *l && *r && n && *l == *r ; l++, r++, n--);
     59b: 01 30        	movlw	0x1
     59c: f2 07        	addwf	0x72, f
     59d: 01 30        	movlw	0x1
     59e: f3 07        	addwf	0x73, f
     59f: 00 30        	movlw	0x0
     5a0: f4 3d        	addwfc	0x74, f
     5a1: 01 30        	movlw	0x1
     5a2: f5 02        	subwf	0x75, f
     5a3: 00 30        	movlw	0x0
     5a4: f6 3b        	<unknown>
     5a5: 72 08        	movf	0x72, w
     5a6: 86 00        	movwf	0x6
     5a7: 01 30        	movlw	0x1
     5a8: 87 00        	movwf	0x7
     5a9: 01 08        	movf	0x1, w
     5aa: 03 19        	btfsc	0x3, 0x2
     5ab: ad 2d        	goto	0x5ad
     5ac: ae 2d        	goto	0x5ae
     5ad: cd 2d        	goto	0x5cd
     5ae: 73 08        	movf	0x73, w
     5af: 84 00        	movwf	0x4
     5b0: 74 08        	movf	0x74, w
     5b1: 85 00        	movwf	0x5
     5b2: 12 00        	moviw	FSR0++
     5b3: 03 19        	btfsc	0x3, 0x2
     5b4: b6 2d        	goto	0x5b6
     5b5: b7 2d        	goto	0x5b7
     5b6: cd 2d        	goto	0x5cd
     5b7: 75 08        	movf	0x75, w
     5b8: 76 04        	iorwf	0x76, w
     5b9: 03 19        	btfsc	0x3, 0x2
     5ba: bc 2d        	goto	0x5bc
     5bb: bd 2d        	goto	0x5bd
     5bc: cd 2d        	goto	0x5cd
     5bd: 73 08        	movf	0x73, w
     5be: 84 00        	movwf	0x4
     5bf: 74 08        	movf	0x74, w
     5c0: 85 00        	movwf	0x5
     5c1: 00 08        	movf	0x0, w
     5c2: f7 00        	movwf	0x77
     5c3: 72 08        	movf	0x72, w
     5c4: 86 00        	movwf	0x6
     5c5: 01 30        	movlw	0x1
     5c6: 87 00        	movwf	0x7
     5c7: 01 08        	movf	0x1, w
     5c8: 77 06        	xorwf	0x77, w
     5c9: 03 19        	btfsc	0x3, 0x2
     5ca: cc 2d        	goto	0x5cc
     5cb: cd 2d        	goto	0x5cd
     5cc: 9b 2d        	goto	0x59b
; c:\PROGRA~1\MICROC~1\xc8\v3.10\pic\sources\c99\common/strncmp.c:7
; 	return *(unsigned char*)l - *(unsigned char *)r;
     5cd: 72 08        	movf	0x72, w
     5ce: 86 00        	movwf	0x6
     5cf: 01 30        	movlw	0x1
     5d0: 87 00        	movwf	0x7
     5d1: 73 08        	movf	0x73, w
     5d2: 84 00        	movwf	0x4
     5d3: 74 08        	movf	0x74, w
     5d4: 85 00        	movwf	0x5
     5d5: 00 08        	movf	0x0, w
     5d6: 01 02        	subwf	0x1, w
     5d7: f2 00        	movwf	0x72
     5d8: f3 01        	clrf	0x73
     5d9: 03 1c        	btfss	0x3, 0x0
     5da: f3 03        	decf	0x73, f
; c:\PROGRA~1\MICROC~1\xc8\v3.10\pic\sources\c99\common/strncmp.c:8
; }
     5db: 08 00        	return

000005dc <__ptext25>:
; __ptext25():
; C:\Users\tsq\MPLABProjects\Analog_PBX\IP_UNIT\config.mcc/main.c:81
; void StatusLEDControl(uint8_t num){
     5dc: f2 00        	movwf	0x72
; C:\Users\tsq\MPLABProjects\Analog_PBX\IP_UNIT\config.mcc/main.c:83
;     if(is_link_up){
     5dd: 20 00        	movlb	0x0
     5de: 43 08        	movf	0x43, w
     5df: 03 19        	btfsc	0x3, 0x2
     5e0: e2 2d        	goto	0x5e2
     5e1: e3 2d        	goto	0x5e3
     5e2: 19 2e        	goto	0x619
; C:\Users\tsq\MPLABProjects\Analog_PBX\IP_UNIT\config.mcc/main.c:84
;         LED1_SetLow();
     5e3: 22 00        	movlb	0x2
     5e4: 8c 12        	bcf	0xc, 0x5
; C:\Users\tsq\MPLABProjects\Analog_PBX\IP_UNIT\config.mcc/main.c:85
;         LED2_SetLow();
     5e5: 0c 12        	bcf	0xc, 0x4
; C:\Users\tsq\MPLABProjects\Analog_PBX\IP_UNIT\config.mcc/main.c:86
;         LED3_SetLow();
     5e6: 8e 12        	bcf	0xe, 0x5
     5e7: ff 2d        	goto	0x5ff
; C:\Users\tsq\MPLABProjects\Analog_PBX\IP_UNIT\config.mcc/main.c:92
;                 LED1_SetHigh();
     5e8: 8c 16        	bsf	0xc, 0x5
     5e9: 19 2e        	goto	0x619
; C:\Users\tsq\MPLABProjects\Analog_PBX\IP_UNIT\config.mcc/main.c:95
;                 LED2_SetHigh();
     5ea: 0c 16        	bsf	0xc, 0x4
     5eb: 19 2e        	goto	0x619
; C:\Users\tsq\MPLABProjects\Analog_PBX\IP_UNIT\config.mcc/main.c:98
;                 LED1_SetHigh();
     5ec: 8c 16        	bsf	0xc, 0x5
; C:\Users\tsq\MPLABProjects\Analog_PBX\IP_UNIT\config.mcc/main.c:99
;                 LED2_SetHigh();
     5ed: 0c 16        	bsf	0xc, 0x4
     5ee: 19 2e        	goto	0x619
; C:\Users\tsq\MPLABProjects\Analog_PBX\IP_UNIT\config.mcc/main.c:102
;                 LED3_SetHigh();
     5ef: 8e 16        	bsf	0xe, 0x5
     5f0: 19 2e        	goto	0x619
; C:\Users\tsq\MPLABProjects\Analog_PBX\IP_UNIT\config.mcc/main.c:105
;                 LED1_SetHigh();
     5f1: 8c 16        	bsf	0xc, 0x5
; C:\Users\tsq\MPLABProjects\Analog_PBX\IP_UNIT\config.mcc/main.c:106
;                 LED3_SetHigh();
     5f2: 8e 16        	bsf	0xe, 0x5
     5f3: 19 2e        	goto	0x619
; C:\Users\tsq\MPLABProjects\Analog_PBX\IP_UNIT\config.mcc/main.c:109
;                 LED2_SetHigh();
     5f4: 0c 16        	bsf	0xc, 0x4
; C:\Users\tsq\MPLABProjects\Analog_PBX\IP_UNIT\config.mcc/main.c:110
;                 LED3_SetHigh();
     5f5: 8e 16        	bsf	0xe, 0x5
     5f6: 19 2e        	goto	0x619
; C:\Users\tsq\MPLABProjects\Analog_PBX\IP_UNIT\config.mcc/main.c:113
;                 LED1_SetHigh();
     5f7: 8c 16        	bsf	0xc, 0x5
; C:\Users\tsq\MPLABProjects\Analog_PBX\IP_UNIT\config.mcc/main.c:114
;                 LED2_SetHigh();
     5f8: 0c 16        	bsf	0xc, 0x4
; C:\Users\tsq\MPLABProjects\Analog_PBX\IP_UNIT\config.mcc/main.c:115
;                 LED3_SetHigh();
     5f9: 8e 16        	bsf	0xe, 0x5
     5fa: 19 2e        	goto	0x619
; C:\Users\tsq\MPLABProjects\Analog_PBX\IP_UNIT\config.mcc/main.c:118
;                 LED1_SetLow();
     5fb: 8c 12        	bcf	0xc, 0x5
; C:\Users\tsq\MPLABProjects\Analog_PBX\IP_UNIT\config.mcc/main.c:119
;                 LED2_SetLow();
     5fc: 0c 12        	bcf	0xc, 0x4
; C:\Users\tsq\MPLABProjects\Analog_PBX\IP_UNIT\config.mcc/main.c:120
;                 LED3_SetLow();
     5fd: 8e 12        	bcf	0xe, 0x5
     5fe: 19 2e        	goto	0x619
; C:\Users\tsq\MPLABProjects\Analog_PBX\IP_UNIT\config.mcc/main.c:121
;         }
     5ff: 72 08        	movf	0x72, w
     600: 00 3a        	xorlw	0x0
     601: 03 19        	btfsc	0x3, 0x2
     602: 19 2e        	goto	0x619
     603: 01 3a        	xorlw	0x1
     604: 03 19        	btfsc	0x3, 0x2
     605: e8 2d        	goto	0x5e8
     606: 03 3a        	xorlw	0x3
     607: 03 19        	btfsc	0x3, 0x2
     608: ea 2d        	goto	0x5ea
     609: 01 3a        	xorlw	0x1
     60a: 03 19        	btfsc	0x3, 0x2
     60b: ec 2d        	goto	0x5ec
     60c: 07 3a        	xorlw	0x7
     60d: 03 19        	btfsc	0x3, 0x2
     60e: ef 2d        	goto	0x5ef
     60f: 01 3a        	xorlw	0x1
     610: 03 19        	btfsc	0x3, 0x2
     611: f1 2d        	goto	0x5f1
     612: 03 3a        	xorlw	0x3
     613: 03 19        	btfsc	0x3, 0x2
     614: f4 2d        	goto	0x5f4
     615: 01 3a        	xorlw	0x1
     616: 03 19        	btfsc	0x3, 0x2
     617: f7 2d        	goto	0x5f7
     618: fb 2d        	goto	0x5fb
; C:\Users\tsq\MPLABProjects\Analog_PBX\IP_UNIT\config.mcc/main.c:123
; }
     619: 08 00        	return

0000061a <_strncpy>:
; _strncpy():
; c:\PROGRA~1\MICROC~1\xc8\v3.10\pic\sources\c99\common/strncpy.c:6
; 	cp = d;
     61a: 72 08        	movf	0x72, w
     61b: f6 00        	movwf	0x76
; c:\PROGRA~1\MICROC~1\xc8\v3.10\pic\sources\c99\common/strncpy.c:7
; 	while(n) {
     61c: 32 2e        	goto	0x632
; c:\PROGRA~1\MICROC~1\xc8\v3.10\pic\sources\c99\common/strncpy.c:8
; 		n--;
     61d: 01 30        	movlw	0x1
     61e: f4 02        	subwf	0x74, f
     61f: 00 30        	movlw	0x0
     620: f5 3b        	<unknown>
; c:\PROGRA~1\MICROC~1\xc8\v3.10\pic\sources\c99\common/strncpy.c:9
; 		if(!(*cp++ = *s++))
     621: 76 08        	movf	0x76, w
     622: 86 00        	movwf	0x6
     623: 87 01        	clrf	0x7
     624: f6 0a        	incf	0x76, f
     625: 73 08        	movf	0x73, w
     626: 84 00        	movwf	0x4
     627: 01 30        	movlw	0x1
     628: 85 00        	movwf	0x5
     629: f3 0a        	incf	0x73, f
     62a: 00 08        	movf	0x0, w
     62b: c0 3f        	movwi	0[FSR1]
     62c: 89 08        	movf	0x9, f
     62d: 03 1d        	btfss	0x3, 0x2
     62e: 30 2e        	goto	0x630
     62f: 31 2e        	goto	0x631
     630: 32 2e        	goto	0x632
     631: 3f 2e        	goto	0x63f
; c:\PROGRA~1\MICROC~1\xc8\v3.10\pic\sources\c99\common/strncpy.c:7
; 	while(n) {
     632: 74 08        	movf	0x74, w
     633: 75 04        	iorwf	0x75, w
     634: 03 1d        	btfss	0x3, 0x2
     635: 37 2e        	goto	0x637
     636: 38 2e        	goto	0x638
     637: 1d 2e        	goto	0x61d
     638: 3f 2e        	goto	0x63f
; c:\PROGRA~1\MICROC~1\xc8\v3.10\pic\sources\c99\common/strncpy.c:13
; 		*cp++ = 0;
     639: 76 08        	movf	0x76, w
     63a: 86 00        	movwf	0x6
     63b: 87 01        	clrf	0x7
     63c: 81 01        	clrf	0x1
     63d: 01 30        	movlw	0x1
     63e: f6 07        	addwf	0x76, f
; c:\PROGRA~1\MICROC~1\xc8\v3.10\pic\sources\c99\common/strncpy.c:12
; 	while(n--)
     63f: 01 30        	movlw	0x1
     640: f4 02        	subwf	0x74, f
     641: 00 30        	movlw	0x0
     642: f5 3b        	<unknown>
     643: 74 0a        	incf	0x74, w
     644: 03 1d        	btfss	0x3, 0x2
     645: 4a 2e        	goto	0x64a
     646: 75 0a        	incf	0x75, w
     647: 03 1d        	btfss	0x3, 0x2
     648: 4a 2e        	goto	0x64a
     649: 4b 2e        	goto	0x64b
     64a: 39 2e        	goto	0x639
; c:\PROGRA~1\MICROC~1\xc8\v3.10\pic\sources\c99\common/strncpy.c:15
; }
     64b: 08 00        	return

0000064c <__ptext8>:
; __ptext8():
; C:\Users\tsq\MPLABProjects\Analog_PBX\IP_UNIT\config.mcc\mcc_generated_files\uart\src/eusart.c:102
;     PIE1bits.RCIE = 0;   
     64c: 21 00        	movlb	0x1
     64d: 91 12        	bcf	0x11, 0x5
; C:\Users\tsq\MPLABProjects\Analog_PBX\IP_UNIT\config.mcc\mcc_generated_files\uart\src/eusart.c:103
;      EUSART_RxInterruptHandler = EUSART_ReceiveISR;   
     64e: 3b 30        	movlw	0x3b
     64f: e0 00        	movwf	0x60
     650: 05 30        	movlw	0x5
     651: e1 00        	movwf	0x61
; C:\Users\tsq\MPLABProjects\Analog_PBX\IP_UNIT\config.mcc\mcc_generated_files\uart\src/eusart.c:105
;     PIE1bits.TXIE = 0; 
     652: 11 12        	bcf	0x11, 0x4
; C:\Users\tsq\MPLABProjects\Analog_PBX\IP_UNIT\config.mcc\mcc_generated_files\uart\src/eusart.c:106
;     EUSART_TxInterruptHandler = EUSART_TransmitISR; 
     653: 59 30        	movlw	0x59
     654: e2 00        	movwf	0x62
     655: 07 30        	movlw	0x7
     656: e3 00        	movwf	0x63
; C:\Users\tsq\MPLABProjects\Analog_PBX\IP_UNIT\config.mcc\mcc_generated_files\uart\src/eusart.c:111
;     BAUD1CON = 0x48; 
     657: 48 30        	movlw	0x48
     658: 23 00        	movlb	0x3
     659: 9f 00        	movwf	0x1f
; C:\Users\tsq\MPLABProjects\Analog_PBX\IP_UNIT\config.mcc\mcc_generated_files\uart\src/eusart.c:113
;     RC1STA = 0x90; 
     65a: 90 30        	movlw	0x90
     65b: 9d 00        	movwf	0x1d
; C:\Users\tsq\MPLABProjects\Analog_PBX\IP_UNIT\config.mcc\mcc_generated_files\uart\src/eusart.c:115
;     TX1STA = 0x26; 
     65c: 26 30        	movlw	0x26
     65d: 9e 00        	movwf	0x1e
; C:\Users\tsq\MPLABProjects\Analog_PBX\IP_UNIT\config.mcc\mcc_generated_files\uart\src/eusart.c:117
;     SP1BRGL = 0x40; 
     65e: 40 30        	movlw	0x40
     65f: 9b 00        	movwf	0x1b
; C:\Users\tsq\MPLABProjects\Analog_PBX\IP_UNIT\config.mcc\mcc_generated_files\uart\src/eusart.c:119
;     SP1BRGH = 0x3; 
     660: 03 30        	movlw	0x3
     661: 9c 00        	movwf	0x1c
; C:\Users\tsq\MPLABProjects\Analog_PBX\IP_UNIT\config.mcc\mcc_generated_files\uart\src/eusart.c:121
;     EUSART_FramingErrorCallbackRegister(EUSART_DefaultFramingErrorCallback);
     662: 02 30        	movlw	0x2
     663: f2 00        	movwf	0x72
     664: 00 30        	movlw	0x0
     665: f3 00        	movwf	0x73
     666: 8f 31        	movlp	0xf
     667: e8 27        	call	0x7e8
     668: 86 31        	movlp	0x6
; C:\Users\tsq\MPLABProjects\Analog_PBX\IP_UNIT\config.mcc\mcc_generated_files\uart\src/eusart.c:122
;     EUSART_OverrunErrorCallbackRegister(EUSART_DefaultOverrunErrorCallback);
     669: ab 30        	movlw	0xab
     66a: f2 00        	movwf	0x72
     66b: 0f 30        	movlw	0xf
     66c: f3 00        	movwf	0x73
     66d: 8f 31        	movlp	0xf
     66e: f4 27        	call	0x7f4
     66f: 86 31        	movlp	0x6
; C:\Users\tsq\MPLABProjects\Analog_PBX\IP_UNIT\config.mcc\mcc_generated_files\uart\src/eusart.c:123
;     eusartRxLastError.status = 0;  
     670: 20 00        	movlb	0x0
     671: ac 01        	clrf	0x2c
     672: ad 01        	clrf	0x2d
; C:\Users\tsq\MPLABProjects\Analog_PBX\IP_UNIT\config.mcc\mcc_generated_files\uart\src/eusart.c:125
;     eusartTxHead = 0;
     673: bc 01        	clrf	0x3c
; C:\Users\tsq\MPLABProjects\Analog_PBX\IP_UNIT\config.mcc\mcc_generated_files\uart\src/eusart.c:126
;     eusartTxTail = 0;
     674: bb 01        	clrf	0x3b
; C:\Users\tsq\MPLABProjects\Analog_PBX\IP_UNIT\config.mcc\mcc_generated_files\uart\src/eusart.c:127
;     eusartTxBufferRemaining = sizeof(eusartTxBuffer);
     675: 20 30        	movlw	0x20
     676: ba 00        	movwf	0x3a
; C:\Users\tsq\MPLABProjects\Analog_PBX\IP_UNIT\config.mcc\mcc_generated_files\uart\src/eusart.c:129
;     eusartRxHead = 0;
     677: fb 01        	clrf	0x7b
; C:\Users\tsq\MPLABProjects\Analog_PBX\IP_UNIT\config.mcc\mcc_generated_files\uart\src/eusart.c:130
;     eusartRxTail = 0;
     678: fa 01        	clrf	0x7a
; C:\Users\tsq\MPLABProjects\Analog_PBX\IP_UNIT\config.mcc\mcc_generated_files\uart\src/eusart.c:131
;     eusartRxCount = 0;
     679: b9 01        	clrf	0x39
; C:\Users\tsq\MPLABProjects\Analog_PBX\IP_UNIT\config.mcc\mcc_generated_files\uart\src/eusart.c:133
;     PIE1bits.RCIE = 1; 
     67a: 21 00        	movlb	0x1
     67b: 91 16        	bsf	0x11, 0x5
; C:\Users\tsq\MPLABProjects\Analog_PBX\IP_UNIT\config.mcc\mcc_generated_files\uart\src/eusart.c:134
; }
     67c: 08 00        	return

0000067d <_strcmp>:
; _strcmp():
; c:\PROGRA~1\MICROC~1\xc8\v3.10\pic\sources\c99\common/strcmp.c:5
; 	for (; *l==*r && *l; l++, r++);
     67d: 84 2e        	goto	0x684
     67e: 01 30        	movlw	0x1
     67f: f2 07        	addwf	0x72, f
     680: 01 30        	movlw	0x1
     681: f3 07        	addwf	0x73, f
     682: 00 30        	movlw	0x0
     683: f4 3d        	addwfc	0x74, f
     684: 73 08        	movf	0x73, w
     685: 84 00        	movwf	0x4
     686: 74 08        	movf	0x74, w
     687: 85 00        	movwf	0x5
     688: 00 08        	movf	0x0, w
     689: f5 00        	movwf	0x75
     68a: 72 08        	movf	0x72, w
     68b: 86 00        	movwf	0x6
     68c: 01 30        	movlw	0x1
     68d: 87 00        	movwf	0x7
     68e: 01 08        	movf	0x1, w
     68f: 75 06        	xorwf	0x75, w
     690: 03 1d        	btfss	0x3, 0x2
     691: 93 2e        	goto	0x693
     692: 94 2e        	goto	0x694
     693: 9d 2e        	goto	0x69d
     694: 72 08        	movf	0x72, w
     695: 86 00        	movwf	0x6
     696: 01 30        	movlw	0x1
     697: 87 00        	movwf	0x7
     698: 01 08        	movf	0x1, w
     699: 03 1d        	btfss	0x3, 0x2
     69a: 9c 2e        	goto	0x69c
     69b: 9d 2e        	goto	0x69d
     69c: 7e 2e        	goto	0x67e
; c:\PROGRA~1\MICROC~1\xc8\v3.10\pic\sources\c99\common/strcmp.c:6
; 	return *(unsigned char *)l - *(unsigned char *)r;
     69d: 72 08        	movf	0x72, w
     69e: 86 00        	movwf	0x6
     69f: 01 30        	movlw	0x1
     6a0: 87 00        	movwf	0x7
     6a1: 73 08        	movf	0x73, w
     6a2: 84 00        	movwf	0x4
     6a3: 74 08        	movf	0x74, w
     6a4: 85 00        	movwf	0x5
     6a5: 00 08        	movf	0x0, w
     6a6: 01 02        	subwf	0x1, w
     6a7: f2 00        	movwf	0x72
     6a8: f3 01        	clrf	0x73
     6a9: 03 1c        	btfss	0x3, 0x0
     6aa: f3 03        	decf	0x73, f
; c:\PROGRA~1\MICROC~1\xc8\v3.10\pic\sources\c99\common/strcmp.c:7
; }
     6ab: 08 00        	return

000006ac <__ptext5>:
; __ptext5():
; C:\Users\tsq\MPLABProjects\Analog_PBX\IP_UNIT\config.mcc\mcc_generated_files\system\src/pins.c:43
;     LATA = 0x0;
     6ac: 22 00        	movlb	0x2
     6ad: 8c 01        	clrf	0xc
; C:\Users\tsq\MPLABProjects\Analog_PBX\IP_UNIT\config.mcc\mcc_generated_files\system\src/pins.c:44
;     LATC = 0x8;
     6ae: 08 30        	movlw	0x8
     6af: 8e 00        	movwf	0xe
; C:\Users\tsq\MPLABProjects\Analog_PBX\IP_UNIT\config.mcc\mcc_generated_files\system\src/pins.c:49
;     TRISA = 0xC;
     6b0: 0c 30        	movlw	0xc
     6b1: 21 00        	movlb	0x1
     6b2: 8c 00        	movwf	0xc
; C:\Users\tsq\MPLABProjects\Analog_PBX\IP_UNIT\config.mcc\mcc_generated_files\system\src/pins.c:50
;     TRISC = 0x15;
     6b3: 15 30        	movlw	0x15
     6b4: 8e 00        	movwf	0xe
; C:\Users\tsq\MPLABProjects\Analog_PBX\IP_UNIT\config.mcc\mcc_generated_files\system\src/pins.c:55
;     ANSELA = 0x0;
     6b5: 23 00        	movlb	0x3
     6b6: 8c 01        	clrf	0xc
; C:\Users\tsq\MPLABProjects\Analog_PBX\IP_UNIT\config.mcc\mcc_generated_files\system\src/pins.c:56
;     ANSELC = 0x0;
     6b7: 8e 01        	clrf	0xe
; C:\Users\tsq\MPLABProjects\Analog_PBX\IP_UNIT\config.mcc\mcc_generated_files\system\src/pins.c:61
;     WPUA = 0x4;
     6b8: 04 30        	movlw	0x4
     6b9: 24 00        	movlb	0x4
     6ba: 8c 00        	movwf	0xc
; C:\Users\tsq\MPLABProjects\Analog_PBX\IP_UNIT\config.mcc\mcc_generated_files\system\src/pins.c:62
;     WPUC = 0x5;
     6bb: 05 30        	movlw	0x5
     6bc: 8e 00        	movwf	0xe
; C:\Users\tsq\MPLABProjects\Analog_PBX\IP_UNIT\config.mcc\mcc_generated_files\system\src/pins.c:68
;     ODCONA = 0x0;
     6bd: 25 00        	movlb	0x5
     6be: 8c 01        	clrf	0xc
; C:\Users\tsq\MPLABProjects\Analog_PBX\IP_UNIT\config.mcc\mcc_generated_files\system\src/pins.c:69
;     ODCONC = 0x0;
     6bf: 8e 01        	clrf	0xe
; C:\Users\tsq\MPLABProjects\Analog_PBX\IP_UNIT\config.mcc\mcc_generated_files\system\src/pins.c:73
;     SLRCONA = 0x37;
     6c0: 37 30        	movlw	0x37
     6c1: 26 00        	movlb	0x6
     6c2: 8c 00        	movwf	0xc
; C:\Users\tsq\MPLABProjects\Analog_PBX\IP_UNIT\config.mcc\mcc_generated_files\system\src/pins.c:74
;     SLRCONC = 0x3F;
     6c3: 3f 30        	movlw	0x3f
     6c4: 8e 00        	movwf	0xe
; C:\Users\tsq\MPLABProjects\Analog_PBX\IP_UNIT\config.mcc\mcc_generated_files\system\src/pins.c:78
;     INLVLA = 0x3F;
     6c5: 3f 30        	movlw	0x3f
     6c6: 27 00        	movlb	0x7
     6c7: 8c 00        	movwf	0xc
; C:\Users\tsq\MPLABProjects\Analog_PBX\IP_UNIT\config.mcc\mcc_generated_files\system\src/pins.c:79
;     INLVLC = 0x3F;
     6c8: 3f 30        	movlw	0x3f
     6c9: 8e 00        	movwf	0xe
; C:\Users\tsq\MPLABProjects\Analog_PBX\IP_UNIT\config.mcc\mcc_generated_files\system\src/pins.c:84
;     RXPPS = 0x14; //RC4->EUSART:RX;
     6ca: 14 30        	movlw	0x14
     6cb: 3c 00        	movlb	0x1c
     6cc: a4 00        	movwf	0x24
; C:\Users\tsq\MPLABProjects\Analog_PBX\IP_UNIT\config.mcc\mcc_generated_files\system\src/pins.c:85
;     RC3PPS = 20;  //RC3->EUSART:TX;
     6cd: 14 30        	movlw	0x14
     6ce: 3d 00        	movlb	0x1d
     6cf: a3 00        	movwf	0x23
; C:\Users\tsq\MPLABProjects\Analog_PBX\IP_UNIT\config.mcc\mcc_generated_files\system\src/pins.c:94
;     IOCAP = 0x0;
     6d0: 27 00        	movlb	0x7
     6d1: 91 01        	clrf	0x11
; C:\Users\tsq\MPLABProjects\Analog_PBX\IP_UNIT\config.mcc\mcc_generated_files\system\src/pins.c:95
;     IOCAN = 0x0;
     6d2: 92 01        	clrf	0x12
; C:\Users\tsq\MPLABProjects\Analog_PBX\IP_UNIT\config.mcc\mcc_generated_files\system\src/pins.c:96
;     IOCAF = 0x0;
     6d3: 93 01        	clrf	0x13
; C:\Users\tsq\MPLABProjects\Analog_PBX\IP_UNIT\config.mcc\mcc_generated_files\system\src/pins.c:97
;     IOCCP = 0x0;
     6d4: 97 01        	clrf	0x17
; C:\Users\tsq\MPLABProjects\Analog_PBX\IP_UNIT\config.mcc\mcc_generated_files\system\src/pins.c:98
;     IOCCN = 0x0;
     6d5: 98 01        	clrf	0x18
; C:\Users\tsq\MPLABProjects\Analog_PBX\IP_UNIT\config.mcc\mcc_generated_files\system\src/pins.c:99
;     IOCCF = 0x0;
     6d6: 99 01        	clrf	0x19
; C:\Users\tsq\MPLABProjects\Analog_PBX\IP_UNIT\config.mcc\mcc_generated_files\system\src/pins.c:102
; }
     6d7: 08 00        	return

000006d8 <__ptext22>:
; __end_of_PIN_MANAGER_Initialize():
; C:\Users\tsq\MPLABProjects\Analog_PBX\IP_UNIT\config.mcc\mcc_generated_files\uart\src/eusart.c:322
; void EUSART_Write(uint8_t txData)
     6d8: f3 00        	movwf	0x73
; C:\Users\tsq\MPLABProjects\Analog_PBX\IP_UNIT\config.mcc\mcc_generated_files\uart\src/eusart.c:326
;     if(0 == PIE1bits.TXIE)
     6d9: 21 00        	movlb	0x1
     6da: 11 1a        	btfsc	0x11, 0x4
     6db: dd 2e        	goto	0x6dd
     6dc: de 2e        	goto	0x6de
     6dd: e2 2e        	goto	0x6e2
; C:\Users\tsq\MPLABProjects\Analog_PBX\IP_UNIT\config.mcc\mcc_generated_files\uart\src/eusart.c:328
;         TX1REG = txData;
     6de: 73 08        	movf	0x73, w
     6df: 23 00        	movlb	0x3
     6e0: 9a 00        	movwf	0x1a
; C:\Users\tsq\MPLABProjects\Analog_PBX\IP_UNIT\config.mcc\mcc_generated_files\uart\src/eusart.c:329
;     }
     6e1: f9 2e        	goto	0x6f9
; C:\Users\tsq\MPLABProjects\Analog_PBX\IP_UNIT\config.mcc\mcc_generated_files\uart\src/eusart.c:330
;     else if(0U < eusartTxBufferRemaining) // check if at least one byte place is available in TX buffer
     6e2: 20 00        	movlb	0x0
     6e3: 3a 08        	movf	0x3a, w
     6e4: 03 19        	btfsc	0x3, 0x2
     6e5: e7 2e        	goto	0x6e7
     6e6: e8 2e        	goto	0x6e8
     6e7: f9 2e        	goto	0x6f9
; C:\Users\tsq\MPLABProjects\Analog_PBX\IP_UNIT\config.mcc\mcc_generated_files\uart\src/eusart.c:332
;        eusartTxBuffer[eusartTxHead] = txData;
     6e8: 3c 08        	movf	0x3c, w
     6e9: a0 3e        	addlw	0x20, f
     6ea: 86 00        	movwf	0x6
     6eb: 87 01        	clrf	0x7
     6ec: 73 08        	movf	0x73, w
     6ed: 81 00        	movwf	0x1
; C:\Users\tsq\MPLABProjects\Analog_PBX\IP_UNIT\config.mcc\mcc_generated_files\uart\src/eusart.c:333
;        tempTxHead = (eusartTxHead + 1U) & EUSART_TX_BUFFER_MASK;
     6ee: 3c 08        	movf	0x3c, w
     6ef: 01 3e        	addlw	0x1, w
     6f0: 1f 39        	andlw	0x1f
     6f1: f2 00        	movwf	0x72
; C:\Users\tsq\MPLABProjects\Analog_PBX\IP_UNIT\config.mcc\mcc_generated_files\uart\src/eusart.c:335
;        eusartTxHead = tempTxHead;
     6f2: 72 08        	movf	0x72, w
     6f3: bc 00        	movwf	0x3c
; C:\Users\tsq\MPLABProjects\Analog_PBX\IP_UNIT\config.mcc\mcc_generated_files\uart\src/eusart.c:336
;        PIE1bits.TXIE = 0; //Critical value decrement
     6f4: 21 00        	movlb	0x1
     6f5: 11 12        	bcf	0x11, 0x4
; C:\Users\tsq\MPLABProjects\Analog_PBX\IP_UNIT\config.mcc\mcc_generated_files\uart\src/eusart.c:337
;        eusartTxBufferRemaining--; // one less byte remaining in TX buffer
     6f6: 01 30        	movlw	0x1
     6f7: 20 00        	movlb	0x0
     6f8: ba 02        	subwf	0x3a, f
; C:\Users\tsq\MPLABProjects\Analog_PBX\IP_UNIT\config.mcc\mcc_generated_files\uart\src/eusart.c:343
;     PIE1bits.TXIE = 1;
     6f9: 21 00        	movlb	0x1
     6fa: 11 16        	bsf	0x11, 0x4
; C:\Users\tsq\MPLABProjects\Analog_PBX\IP_UNIT\config.mcc\mcc_generated_files\uart\src/eusart.c:344
; }
     6fb: 08 00        	return

Disassembly of section text35:

00000002 <__ptext35>:
; __ptext35():
; C:\Users\tsq\MPLABProjects\Analog_PBX\IP_UNIT\config.mcc\mcc_generated_files\uart\src/eusart.c:390
; }
       2: 08 00        	return

Disassembly of section clrtext:

00000fbb <clear_ram0>:
; __end_of_TMR2_PeriodMatchCallbackRegister():
     fbb: 64 00        	tris	0x4
     fbc: 80 01        	clrf	0x0
     fbd: 01 31        	addfsr	0, 0x1
     fbe: 89 0b        	decfsz	0x9, f
     fbf: bc 2f        	goto	0x7bc
     fc0: 00 34        	retlw	0x0
